{
	"display": {
		"icon": {
			"id": "minecraft:skeleton_skull"
		},
		"title": {"translate":"Rise of the Skeletons"},
		"description": {"color":"#FF2A2A","translate":"Obtain a stack of Skeleton Skulls"},
		"announce_to_chat": true,
		"frame": "challenge"
	},
	"parent": "blazeandcave:challenges/zombie_apocalypse",
	"rewards": {
		"function": "bc_rewards:challenges/rise_of_the_skeletons"
	},		
	"criteria": {
		"skeleton_skull": {
			"trigger": "minecraft:inventory_changed",
			"conditions": {
				"items": [
					{
						"items": [
							"minecraft:skeleton_skull"
						],
						"count": 64
					}
				]
			}
		}
	}
}