{
	"display": {
		"icon": {
			"id": "minecraft:lectern"
		},
		"title": {"translate":"Stockbroker"},
		"description": {"color":"#FF2A2A","translate":"Trade with every profession from every biome type"},
		"announce_to_chat": true,
		"frame": "challenge"
	},
	"parent": "blazeandcave:challenges/ultimate_enchanter",
	"rewards": {
		"function": "bc_rewards:challenges/stockbroker"
	},
	"criteria": {
		"farmer_plains": {
			"trigger": "minecraft:villager_trade",
			"conditions": {
				"villager": {
					"nbt": "{VillagerData:{profession:\"minecraft:farmer\",type:\"minecraft:plains\"}}"
				}
			}
		},
		"fisherman_plains": {
			"trigger": "minecraft:villager_trade",
			"conditions": {
				"villager": {
					"nbt": "{VillagerData:{profession:\"minecraft:fisherman\",type:\"minecraft:plains\"}}"
				}
			}
		},
		"shepherd_plains": {
			"trigger": "minecraft:villager_trade",
			"conditions": {
				"villager": {
					"nbt": "{VillagerData:{profession:\"minecraft:shepherd\",type:\"minecraft:plains\"}}"
				}
			}
		},
		"fletcher_plains": {
			"trigger": "minecraft:villager_trade",
			"conditions": {
				"villager": {
					"nbt": "{VillagerData:{profession:\"minecraft:fletcher\",type:\"minecraft:plains\"}}"
				}
			}
		},
		"librarian_plains": {
			"trigger": "minecraft:villager_trade",
			"conditions": {
				"villager": {
					"nbt": "{VillagerData:{profession:\"minecraft:librarian\",type:\"minecraft:plains\"}}"
				}
			}
		},
		"cartographer_plains": {
			"trigger": "minecraft:villager_trade",
			"conditions": {
				"villager": {
					"nbt": "{VillagerData:{profession:\"minecraft:cartographer\",type:\"minecraft:plains\"}}"
				}
			}
		},
		"cleric_plains": {
			"trigger": "minecraft:villager_trade",
			"conditions": {
				"villager": {
					"nbt": "{VillagerData:{profession:\"minecraft:cleric\",type:\"minecraft:plains\"}}"
				}
			}
		},
		"armorer_plains": {
			"trigger": "minecraft:villager_trade",
			"conditions": {
				"villager": {
					"nbt": "{VillagerData:{profession:\"minecraft:armorer\",type:\"minecraft:plains\"}}"
				}
			}
		},
		"weapon_smith_plains": {
			"trigger": "minecraft:villager_trade",
			"conditions": {
				"villager": {
					"nbt": "{VillagerData:{profession:\"minecraft:weaponsmith\",type:\"minecraft:plains\"}}"
				}
			}
		},
		"tool_smith_plains": {
			"trigger": "minecraft:villager_trade",
			"conditions": {
				"villager": {
					"nbt": "{VillagerData:{profession:\"minecraft:toolsmith\",type:\"minecraft:plains\"}}"
				}
			}
		},
		"butcher_plains": {
			"trigger": "minecraft:villager_trade",
			"conditions": {
				"villager": {
					"nbt": "{VillagerData:{profession:\"minecraft:butcher\",type:\"minecraft:plains\"}}"
				}
			}
		},
		"leatherworker_plains": {
			"trigger": "minecraft:villager_trade",
			"conditions": {
				"villager": {
					"nbt": "{VillagerData:{profession:\"minecraft:leatherworker\",type:\"minecraft:plains\"}}"
				}
			}
		},
		"mason_plains": {
			"trigger": "minecraft:villager_trade",
			"conditions": {
				"villager": {
					"nbt": "{VillagerData:{profession:\"minecraft:mason\",type:\"minecraft:plains\"}}"
				}
			}
		},
		"farmer_taiga": {
			"trigger": "minecraft:villager_trade",
			"conditions": {
				"villager": {
					"nbt": "{VillagerData:{profession:\"minecraft:farmer\",type:\"minecraft:taiga\"}}"
				}
			}
		},
		"fisherman_taiga": {
			"trigger": "minecraft:villager_trade",
			"conditions": {
				"villager": {
					"nbt": "{VillagerData:{profession:\"minecraft:fisherman\",type:\"minecraft:taiga\"}}"
				}
			}
		},
		"shepherd_taiga": {
			"trigger": "minecraft:villager_trade",
			"conditions": {
				"villager": {
					"nbt": "{VillagerData:{profession:\"minecraft:shepherd\",type:\"minecraft:taiga\"}}"
				}
			}
		},
		"fletcher_taiga": {
			"trigger": "minecraft:villager_trade",
			"conditions": {
				"villager": {
					"nbt": "{VillagerData:{profession:\"minecraft:fletcher\",type:\"minecraft:taiga\"}}"
				}
			}
		},
		"librarian_taiga": {
			"trigger": "minecraft:villager_trade",
			"conditions": {
				"villager": {
					"nbt": "{VillagerData:{profession:\"minecraft:librarian\",type:\"minecraft:taiga\"}}"
				}
			}
		},
		"cartographer_taiga": {
			"trigger": "minecraft:villager_trade",
			"conditions": {
				"villager": {
					"nbt": "{VillagerData:{profession:\"minecraft:cartographer\",type:\"minecraft:taiga\"}}"
				}
			}
		},
		"cleric_taiga": {
			"trigger": "minecraft:villager_trade",
			"conditions": {
				"villager": {
					"nbt": "{VillagerData:{profession:\"minecraft:cleric\",type:\"minecraft:taiga\"}}"
				}
			}
		},
		"armorer_taiga": {
			"trigger": "minecraft:villager_trade",
			"conditions": {
				"villager": {
					"nbt": "{VillagerData:{profession:\"minecraft:armorer\",type:\"minecraft:taiga\"}}"
				}
			}
		},
		"weapon_smith_taiga": {
			"trigger": "minecraft:villager_trade",
			"conditions": {
				"villager": {
					"nbt": "{VillagerData:{profession:\"minecraft:weaponsmith\",type:\"minecraft:taiga\"}}"
				}
			}
		},
		"tool_smith_taiga": {
			"trigger": "minecraft:villager_trade",
			"conditions": {
				"villager": {
					"nbt": "{VillagerData:{profession:\"minecraft:toolsmith\",type:\"minecraft:taiga\"}}"
				}
			}
		},
		"butcher_taiga": {
			"trigger": "minecraft:villager_trade",
			"conditions": {
				"villager": {
					"nbt": "{VillagerData:{profession:\"minecraft:butcher\",type:\"minecraft:taiga\"}}"
				}
			}
		},
		"leatherworker_taiga": {
			"trigger": "minecraft:villager_trade",
			"conditions": {
				"villager": {
					"nbt": "{VillagerData:{profession:\"minecraft:leatherworker\",type:\"minecraft:taiga\"}}"
				}
			}
		},
		"mason_taiga": {
			"trigger": "minecraft:villager_trade",
			"conditions": {
				"villager": {
					"nbt": "{VillagerData:{profession:\"minecraft:mason\",type:\"minecraft:taiga\"}}"
				}
			}
		},
		"farmer_desert": {
			"trigger": "minecraft:villager_trade",
			"conditions": {
				"villager": {
					"nbt": "{VillagerData:{profession:\"minecraft:farmer\",type:\"minecraft:desert\"}}"
				}
			}
		},
		"fisherman_desert": {
			"trigger": "minecraft:villager_trade",
			"conditions": {
				"villager": {
					"nbt": "{VillagerData:{profession:\"minecraft:fisherman\",type:\"minecraft:desert\"}}"
				}
			}
		},
		"shepherd_desert": {
			"trigger": "minecraft:villager_trade",
			"conditions": {
				"villager": {
					"nbt": "{VillagerData:{profession:\"minecraft:shepherd\",type:\"minecraft:desert\"}}"
				}
			}
		},
		"fletcher_desert": {
			"trigger": "minecraft:villager_trade",
			"conditions": {
				"villager": {
					"nbt": "{VillagerData:{profession:\"minecraft:fletcher\",type:\"minecraft:desert\"}}"
				}
			}
		},
		"librarian_desert": {
			"trigger": "minecraft:villager_trade",
			"conditions": {
				"villager": {
					"nbt": "{VillagerData:{profession:\"minecraft:librarian\",type:\"minecraft:desert\"}}"
				}
			}
		},
		"cartographer_desert": {
			"trigger": "minecraft:villager_trade",
			"conditions": {
				"villager": {
					"nbt": "{VillagerData:{profession:\"minecraft:cartographer\",type:\"minecraft:desert\"}}"
				}
			}
		},
		"cleric_desert": {
			"trigger": "minecraft:villager_trade",
			"conditions": {
				"villager": {
					"nbt": "{VillagerData:{profession:\"minecraft:cleric\",type:\"minecraft:desert\"}}"
				}
			}
		},
		"armorer_desert": {
			"trigger": "minecraft:villager_trade",
			"conditions": {
				"villager": {
					"nbt": "{VillagerData:{profession:\"minecraft:armorer\",type:\"minecraft:desert\"}}"
				}
			}
		},
		"weapon_smith_desert": {
			"trigger": "minecraft:villager_trade",
			"conditions": {
				"villager": {
					"nbt": "{VillagerData:{profession:\"minecraft:weaponsmith\",type:\"minecraft:desert\"}}"
				}
			}
		},
		"tool_smith_desert": {
			"trigger": "minecraft:villager_trade",
			"conditions": {
				"villager": {
					"nbt": "{VillagerData:{profession:\"minecraft:toolsmith\",type:\"minecraft:desert\"}}"
				}
			}
		},
		"butcher_desert": {
			"trigger": "minecraft:villager_trade",
			"conditions": {
				"villager": {
					"nbt": "{VillagerData:{profession:\"minecraft:butcher\",type:\"minecraft:desert\"}}"
				}
			}
		},
		"leatherworker_desert": {
			"trigger": "minecraft:villager_trade",
			"conditions": {
				"villager": {
					"nbt": "{VillagerData:{profession:\"minecraft:leatherworker\",type:\"minecraft:desert\"}}"
				}
			}
		},
		"mason_desert": {
			"trigger": "minecraft:villager_trade",
			"conditions": {
				"villager": {
					"nbt": "{VillagerData:{profession:\"minecraft:mason\",type:\"minecraft:desert\"}}"
				}
			}
		},
		"farmer_savanna": {
			"trigger": "minecraft:villager_trade",
			"conditions": {
				"villager": {
					"nbt": "{VillagerData:{profession:\"minecraft:farmer\",type:\"minecraft:savanna\"}}"
				}
			}
		},
		"fisherman_savanna": {
			"trigger": "minecraft:villager_trade",
			"conditions": {
				"villager": {
					"nbt": "{VillagerData:{profession:\"minecraft:fisherman\",type:\"minecraft:savanna\"}}"
				}
			}
		},
		"shepherd_savanna": {
			"trigger": "minecraft:villager_trade",
			"conditions": {
				"villager": {
					"nbt": "{VillagerData:{profession:\"minecraft:shepherd\",type:\"minecraft:savanna\"}}"
				}
			}
		},
		"fletcher_savanna": {
			"trigger": "minecraft:villager_trade",
			"conditions": {
				"villager": {
					"nbt": "{VillagerData:{profession:\"minecraft:fletcher\",type:\"minecraft:savanna\"}}"
				}
			}
		},
		"librarian_savanna": {
			"trigger": "minecraft:villager_trade",
			"conditions": {
				"villager": {
					"nbt": "{VillagerData:{profession:\"minecraft:librarian\",type:\"minecraft:savanna\"}}"
				}
			}
		},
		"cartographer_savanna": {
			"trigger": "minecraft:villager_trade",
			"conditions": {
				"villager": {
					"nbt": "{VillagerData:{profession:\"minecraft:cartographer\",type:\"minecraft:savanna\"}}"
				}
			}
		},
		"cleric_savanna": {
			"trigger": "minecraft:villager_trade",
			"conditions": {
				"villager": {
					"nbt": "{VillagerData:{profession:\"minecraft:cleric\",type:\"minecraft:savanna\"}}"
				}
			}
		},
		"armorer_savanna": {
			"trigger": "minecraft:villager_trade",
			"conditions": {
				"villager": {
					"nbt": "{VillagerData:{profession:\"minecraft:armorer\",type:\"minecraft:savanna\"}}"
				}
			}
		},
		"weapon_smith_savanna": {
			"trigger": "minecraft:villager_trade",
			"conditions": {
				"villager": {
					"nbt": "{VillagerData:{profession:\"minecraft:weaponsmith\",type:\"minecraft:savanna\"}}"
				}
			}
		},
		"tool_smith_savanna": {
			"trigger": "minecraft:villager_trade",
			"conditions": {
				"villager": {
					"nbt": "{VillagerData:{profession:\"minecraft:toolsmith\",type:\"minecraft:savanna\"}}"
				}
			}
		},
		"butcher_savanna": {
			"trigger": "minecraft:villager_trade",
			"conditions": {
				"villager": {
					"nbt": "{VillagerData:{profession:\"minecraft:butcher\",type:\"minecraft:savanna\"}}"
				}
			}
		},
		"leatherworker_savanna": {
			"trigger": "minecraft:villager_trade",
			"conditions": {
				"villager": {
					"nbt": "{VillagerData:{profession:\"minecraft:leatherworker\",type:\"minecraft:savanna\"}}"
				}
			}
		},
		"mason_savanna": {
			"trigger": "minecraft:villager_trade",
			"conditions": {
				"villager": {
					"nbt": "{VillagerData:{profession:\"minecraft:mason\",type:\"minecraft:savanna\"}}"
				}
			}
		},
		"farmer_snow": {
			"trigger": "minecraft:villager_trade",
			"conditions": {
				"villager": {
					"nbt": "{VillagerData:{profession:\"minecraft:farmer\",type:\"minecraft:snow\"}}"
				}
			}
		},
		"fisherman_snow": {
			"trigger": "minecraft:villager_trade",
			"conditions": {
				"villager": {
					"nbt": "{VillagerData:{profession:\"minecraft:fisherman\",type:\"minecraft:snow\"}}"
				}
			}
		},
		"shepherd_snow": {
			"trigger": "minecraft:villager_trade",
			"conditions": {
				"villager": {
					"nbt": "{VillagerData:{profession:\"minecraft:shepherd\",type:\"minecraft:snow\"}}"
				}
			}
		},
		"fletcher_snow": {
			"trigger": "minecraft:villager_trade",
			"conditions": {
				"villager": {
					"nbt": "{VillagerData:{profession:\"minecraft:fletcher\",type:\"minecraft:snow\"}}"
				}
			}
		},
		"librarian_snow": {
			"trigger": "minecraft:villager_trade",
			"conditions": {
				"villager": {
					"nbt": "{VillagerData:{profession:\"minecraft:librarian\",type:\"minecraft:snow\"}}"
				}
			}
		},
		"cartographer_snow": {
			"trigger": "minecraft:villager_trade",
			"conditions": {
				"villager": {
					"nbt": "{VillagerData:{profession:\"minecraft:cartographer\",type:\"minecraft:snow\"}}"
				}
			}
		},
		"cleric_snow": {
			"trigger": "minecraft:villager_trade",
			"conditions": {
				"villager": {
					"nbt": "{VillagerData:{profession:\"minecraft:cleric\",type:\"minecraft:snow\"}}"
				}
			}
		},
		"armorer_snow": {
			"trigger": "minecraft:villager_trade",
			"conditions": {
				"villager": {
					"nbt": "{VillagerData:{profession:\"minecraft:armorer\",type:\"minecraft:snow\"}}"
				}
			}
		},
		"weapon_smith_snow": {
			"trigger": "minecraft:villager_trade",
			"conditions": {
				"villager": {
					"nbt": "{VillagerData:{profession:\"minecraft:weaponsmith\",type:\"minecraft:snow\"}}"
				}
			}
		},
		"tool_smith_snow": {
			"trigger": "minecraft:villager_trade",
			"conditions": {
				"villager": {
					"nbt": "{VillagerData:{profession:\"minecraft:toolsmith\",type:\"minecraft:snow\"}}"
				}
			}
		},
		"butcher_snow": {
			"trigger": "minecraft:villager_trade",
			"conditions": {
				"villager": {
					"nbt": "{VillagerData:{profession:\"minecraft:butcher\",type:\"minecraft:snow\"}}"
				}
			}
		},
		"leatherworker_snow": {
			"trigger": "minecraft:villager_trade",
			"conditions": {
				"villager": {
					"nbt": "{VillagerData:{profession:\"minecraft:leatherworker\",type:\"minecraft:snow\"}}"
				}
			}
		},
		"mason_snow": {
			"trigger": "minecraft:villager_trade",
			"conditions": {
				"villager": {
					"nbt": "{VillagerData:{profession:\"minecraft:mason\",type:\"minecraft:snow\"}}"
				}
			}
		},
		"farmer_jungle": {
			"trigger": "minecraft:villager_trade",
			"conditions": {
				"villager": {
					"nbt": "{VillagerData:{profession:\"minecraft:farmer\",type:\"minecraft:jungle\"}}"
				}
			}
		},
		"fisherman_jungle": {
			"trigger": "minecraft:villager_trade",
			"conditions": {
				"villager": {
					"nbt": "{VillagerData:{profession:\"minecraft:fisherman\",type:\"minecraft:jungle\"}}"
				}
			}
		},
		"shepherd_jungle": {
			"trigger": "minecraft:villager_trade",
			"conditions": {
				"villager": {
					"nbt": "{VillagerData:{profession:\"minecraft:shepherd\",type:\"minecraft:jungle\"}}"
				}
			}
		},
		"fletcher_jungle": {
			"trigger": "minecraft:villager_trade",
			"conditions": {
				"villager": {
					"nbt": "{VillagerData:{profession:\"minecraft:fletcher\",type:\"minecraft:jungle\"}}"
				}
			}
		},
		"librarian_jungle": {
			"trigger": "minecraft:villager_trade",
			"conditions": {
				"villager": {
					"nbt": "{VillagerData:{profession:\"minecraft:librarian\",type:\"minecraft:jungle\"}}"
				}
			}
		},
		"cartographer_jungle": {
			"trigger": "minecraft:villager_trade",
			"conditions": {
				"villager": {
					"nbt": "{VillagerData:{profession:\"minecraft:cartographer\",type:\"minecraft:jungle\"}}"
				}
			}
		},
		"cleric_jungle": {
			"trigger": "minecraft:villager_trade",
			"conditions": {
				"villager": {
					"nbt": "{VillagerData:{profession:\"minecraft:cleric\",type:\"minecraft:jungle\"}}"
				}
			}
		},
		"armorer_jungle": {
			"trigger": "minecraft:villager_trade",
			"conditions": {
				"villager": {
					"nbt": "{VillagerData:{profession:\"minecraft:armorer\",type:\"minecraft:jungle\"}}"
				}
			}
		},
		"weapon_smith_jungle": {
			"trigger": "minecraft:villager_trade",
			"conditions": {
				"villager": {
					"nbt": "{VillagerData:{profession:\"minecraft:weaponsmith\",type:\"minecraft:jungle\"}}"
				}
			}
		},
		"tool_smith_jungle": {
			"trigger": "minecraft:villager_trade",
			"conditions": {
				"villager": {
					"nbt": "{VillagerData:{profession:\"minecraft:toolsmith\",type:\"minecraft:jungle\"}}"
				}
			}
		},
		"butcher_jungle": {
			"trigger": "minecraft:villager_trade",
			"conditions": {
				"villager": {
					"nbt": "{VillagerData:{profession:\"minecraft:butcher\",type:\"minecraft:jungle\"}}"
				}
			}
		},
		"leatherworker_jungle": {
			"trigger": "minecraft:villager_trade",
			"conditions": {
				"villager": {
					"nbt": "{VillagerData:{profession:\"minecraft:leatherworker\",type:\"minecraft:jungle\"}}"
				}
			}
		},
		"mason_jungle": {
			"trigger": "minecraft:villager_trade",
			"conditions": {
				"villager": {
					"nbt": "{VillagerData:{profession:\"minecraft:mason\",type:\"minecraft:jungle\"}}"
				}
			}
		},
		"farmer_swamp": {
			"trigger": "minecraft:villager_trade",
			"conditions": {
				"villager": {
					"nbt": "{VillagerData:{profession:\"minecraft:farmer\",type:\"minecraft:swamp\"}}"
				}
			}
		},
		"fisherman_swamp": {
			"trigger": "minecraft:villager_trade",
			"conditions": {
				"villager": {
					"nbt": "{VillagerData:{profession:\"minecraft:fisherman\",type:\"minecraft:swamp\"}}"
				}
			}
		},
		"shepherd_swamp": {
			"trigger": "minecraft:villager_trade",
			"conditions": {
				"villager": {
					"nbt": "{VillagerData:{profession:\"minecraft:shepherd\",type:\"minecraft:swamp\"}}"
				}
			}
		},
		"fletcher_swamp": {
			"trigger": "minecraft:villager_trade",
			"conditions": {
				"villager": {
					"nbt": "{VillagerData:{profession:\"minecraft:fletcher\",type:\"minecraft:swamp\"}}"
				}
			}
		},
		"librarian_swamp": {
			"trigger": "minecraft:villager_trade",
			"conditions": {
				"villager": {
					"nbt": "{VillagerData:{profession:\"minecraft:librarian\",type:\"minecraft:swamp\"}}"
				}
			}
		},
		"cartographer_swamp": {
			"trigger": "minecraft:villager_trade",
			"conditions": {
				"villager": {
					"nbt": "{VillagerData:{profession:\"minecraft:cartographer\",type:\"minecraft:swamp\"}}"
				}
			}
		},
		"cleric_swamp": {
			"trigger": "minecraft:villager_trade",
			"conditions": {
				"villager": {
					"nbt": "{VillagerData:{profession:\"minecraft:cleric\",type:\"minecraft:swamp\"}}"
				}
			}
		},
		"armorer_swamp": {
			"trigger": "minecraft:villager_trade",
			"conditions": {
				"villager": {
					"nbt": "{VillagerData:{profession:\"minecraft:armorer\",type:\"minecraft:swamp\"}}"
				}
			}
		},
		"weapon_smith_swamp": {
			"trigger": "minecraft:villager_trade",
			"conditions": {
				"villager": {
					"nbt": "{VillagerData:{profession:\"minecraft:weaponsmith\",type:\"minecraft:swamp\"}}"
				}
			}
		},
		"tool_smith_swamp": {
			"trigger": "minecraft:villager_trade",
			"conditions": {
				"villager": {
					"nbt": "{VillagerData:{profession:\"minecraft:toolsmith\",type:\"minecraft:swamp\"}}"
				}
			}
		},
		"butcher_swamp": {
			"trigger": "minecraft:villager_trade",
			"conditions": {
				"villager": {
					"nbt": "{VillagerData:{profession:\"minecraft:butcher\",type:\"minecraft:swamp\"}}"
				}
			}
		},
		"leatherworker_swamp": {
			"trigger": "minecraft:villager_trade",
			"conditions": {
				"villager": {
					"nbt": "{VillagerData:{profession:\"minecraft:leatherworker\",type:\"minecraft:swamp\"}}"
				}
			}
		},
		"mason_swamp": {
			"trigger": "minecraft:villager_trade",
			"conditions": {
				"villager": {
					"nbt": "{VillagerData:{profession:\"minecraft:mason\",type:\"minecraft:swamp\"}}"
				}
			}
		}		
	}
}