{
    "axiom.buildertool.cancel": "취소",
    "axiom.buildertool.clone": "복제",
    "axiom.buildertool.clone.finish": "편집 끝내기",
    "axiom.buildertool.clone.scroll": "스크롤 해서 복제",
    "axiom.buildertool.confirm": "확인",
    "axiom.buildertool.erase": "지우기",
    "axiom.buildertool.erase.erase_box": "첫 번째 지점",
    "axiom.buildertool.erase.erase_connected": "반경 내 동일 블록 제거",
    "axiom.buildertool.erase.delete": "제거",
    "axiom.buildertool.first_point": "첫 번째 지점",
    "axiom.buildertool.move": "이동",
    "axiom.buildertool.move.scroll": "스크롤 해서 옮기기",
    "axiom.buildertool.scroll_extend": "클릭해서 선택 범위 확장",
    "axiom.buildertool.second_point": "두 번째 지점",
    "axiom.buildertool.setup_symmetry.flip": "반전 %s",
    "axiom.buildertool.setup_symmetry": "대칭 설정",
    "axiom.buildertool.setup_symmetry.rotate": "회전 %s",
    "axiom.buildertool.setup_symmetry.move_symmetry": "대칭 이동",
    "axiom.buildertool.setup_symmetry.place_symmetry": "대칭 배치",
    "axiom.buildertool.stack": "쌓기",
    "axiom.buildertool.stack.scroll": "스크롤 해서 쌓기",
    "axiom.buildertool.smear": "늘리기",
    "axiom.buildertool.smear.scroll": "스크롤 해서 늘리기",
    "axiom.tool.shatter.axis_3d": "3D",
    "axiom.tool.noise_painter.3d_mode": "3D 모드",
    "axiom.capability.angel_placement.description": "블록을 공중에 설치합니다.",
    "axiom.capability.angel_placement.title": "공중 배치",
    "axiom.capability.bulldozer.description": "%s을(를) 길게 누르면 블록이 매우 빠르게 파괴됩니다.",
    "axiom.capability.bulldozer.title": "빠른 파괴",
    "axiom.capability.fast_place.title": "빠른 배치",
    "axiom.capability.fast_place.description": "블록을 매우 빠르게 배치합니다.",
    "axiom.capability.force_place.description": "블록 배치 제한을 해제합니다.",
    "axiom.capability.force_place.title": "강제 배치",
    "axiom.capability.infinite_reach.title": "무한 범위",
    "axiom.capability.infinite_reach.description": "블록 설치 범위 한도를 제거합니다.",
    "axiom.capability.no_clip.description": "비행 중에 블록을 통과합니다.",
    "axiom.capability.no_clip.title": "블록 통과",
    "axiom.capability.no_updates.title": "파괴 방지",
    "axiom.capability.no_updates.description": "설치 또는 파괴 시 근처의 블록이 파괴되지 않습니다.",
    "axiom.capability.replace_mode.title": "교체 모드",
    "axiom.capability.replace_mode.description": "설치된 블록에 '블록 놓기' 버튼을 누르면 손에 들린 블록으로 교체됩니다.",
    "axiom.capability.tinker.title": "상태 편집",
    "axiom.capability.tinker.description": "설치된 블록에 '블록 놓기' 버튼을 누르면 블록의 상태가 편집됩니다.",
    "axiom.contextmenu.create_display_entity": "디스플레이 개체 생성",
    "axiom.contextmenu.flight_direction": "비행 방향",
    "axiom.contextmenu.flight_direction.horizontal": "수평",
    "axiom.contextmenu.flight_direction.camera": "카메라",
    "axiom.contextmenu.flight_momentum": "비행 관성: %s%%",
    "axiom.contextmenu.infinite_reach_limit": "블록 설치 범위 제한: %s 블록",
    "axiom.contextmenu.infinite_reach_limit_none": "블록 설치 범위 제한: ∞",
    "axiom.contextmenu.liquid_opacity": "액체 불투명도: %s%%",
    "axiom.contextmenu.min_brightness": "최소 밝기: %s%%",
    "axiom.contextmenu.show_display_entity_gizmos": "디스플레이 개체 이동 도구 보이기",
    "axiom.contextmenu.show_marker_entity_gizmos": "마커 개체 이동 도구 보이기",
    "axiom.contextmenu.show_key_hints": "힌트 표시",
    "axiom.contextmenu.type_replace": "같은 유형끼리만 교체",
    "axiom.editorui.window.clipboard.n_blocks": "%s 블록",
    "axiom.editorui.window.clipboard.copy_hint": "선택 영역을 클립보드에 복사하려면 %s을(를) 누르세요.",
    "axiom.editorui.window.clipboard.paste_hint": "붙여넣기 하려면 %s을(를) 누르세요.",
    "axiom.editorui.window.active_block.edit_properties_below": "*속성 편집",
    "axiom.editorui.window.tool_masks.mask_and": "AND",
    "axiom.editorui.window.tool_masks.mask_above": "위",
    "axiom.editorui.window.active_block": "선택한 블록",
    "axiom.editorui.window.blueprint_browser.add_folder": "폴더 추가",
    "axiom.editorui.window.palette.add_block_to": "%s 카테고리에 새로운 블록 추가",
    "axiom.editorui.window.palette.add_new_block": "새로운 블록 추가",
    "axiom.editorui.window.palette.add_new_category": "새로운 카테고리 추가",
    "axiom.editorui.window.palette.after": "%s 카테고리 뒤에",
    "axiom.editorui.window.analyze": "분석",
    "axiom.editorui.window.fill.all": "모두",
    "axiom.editorui.window.analyze.do_analyze": "분석",
    "axiom.editorui.mainmenu.operations.analyze": "분석...",
    "axiom.editorui.window.create_blueprint.angle": "각도",
    "axiom.editorui.window.tool_masks.mask_angle": "각도",
    "axiom.editorui.window.palette.are_you_sure_delete": "정말로 '%s'을(를) 삭제하시겠습니까?",
    "axiom.editorui.window.blueprint_browser.sort_by.ascending": "오름차순",
    "axiom.editorui.window.create_blueprint.author": "제작자",
    "axiom.editorui.window.blueprint_browser.automatically_refresh": "자동으로 새로고침",
    "axiom.editorui.window.palette.before": "%s 카테고리 앞에",
    "axiom.editorui.window.palette.child_of": "%s 카테고리의 하위 폴더",
    "axiom.editorui.window.tool_masks.mask_below": "아래",
    "axiom.editorui.window.analyze.block_type": "블록",
    "axiom.editorui.window.tool_masks.mask_block": "블록",
    "axiom.editorui.window.blueprint_browser.sort_by.block_count": "블록 개수",
    "axiom.editorui.window.world_properties.block_gravity": "블록 중력",
    "axiom.editorui.window.world_properties.blocks": "블록",
    "axiom.editorui.window.blueprint_browser": "블루프린트 브라우저",
    "axiom.editorui.window.fill.bottom": "아랫면",
    "axiom.editorui.mainmenu.select.bounding_box": "경계 박스",
    "axiom.editorui.window.style_editor.button": "버튼",
    "axiom.editorui.window.blueprint_browser.go_back": "뒤로",
    "axiom.editorui.window.style_editor.button_active": "버튼 (활성화)",
    "axiom.editorui.window.clipboard.warning_2": "회전 후 일부 정보가 손실됩니다. 이전 상태로 복구하기 어려울 수 있습니다.",
    "axiom.editorui.mainmenu.select.clear": "지우기",
    "axiom.editorui.mainmenu.toolmasks.clear": "지우기",
    "axiom.editorui.window.analyze.clear_information": "지우기",
    "axiom.editorui.window.clipboard.clear": "지우기",
    "axiom.editorui.window.clipboard": "클립보드",
    "axiom.editorui.window.create_shape.cone": "원뿔",
    "axiom.editorui.mainmenu.create.cone": "원뿔...",
    "axiom.editorui.window.create_shape.copied": "복사 완료!",
    "axiom.editorui.mainmenu.edit.copy": "복사",
    "axiom.editorui.window.create_shape.copy_to_clipboard": "클립보드로 복사",
    "axiom.editorui.window.analyze.block_count": "수량",
    "axiom.editorui.mainmenu.create": "생성",
    "axiom.editorui.window.create_blueprint": "블루프린트 생성",
    "axiom.editorui.window.create_shape": "모양 생성",
    "axiom.editorui.mainmenu.create.cuboid": "직육면체...",
    "axiom.editorui.window.create_shape.cuboid": "직육면체",
    "axiom.editorui.window.palette.custom": "사용자 정의 폴더",
    "axiom.editorui.mainmenu.edit.cut": "잘라내기",
    "axiom.editorui.window.style_editor.custom_theme": "사용자 정의 테마",
    "axiom.editorui.window.create_shape.cylinder": "원기둥",
    "axiom.editorui.mainmenu.create.cylinder": "원기둥...",
    "axiom.editorui.window.world_properties.day": "아침",
    "axiom.editorui.mainmenu.help.debug_info": "디버그 정보",
    "axiom.editorui.window.debug_info": "디버그 정보",
    "axiom.editorui.window.distort_selection.distance": "거리",
    "axiom.editorui.window.target_info.distance": "거리: %s",
    "axiom.editorui.window.analyze.block_distribution": "분포",
    "axiom.editorui.mainmenu.operations.drain": "액체 제거",
    "axiom.editorui.mainmenu.edit": "편집",
    "axiom.editorui.mainmenu.toolmasks.edit": "편집",
    "axiom.editorui.window.blueprint_browser.edit_blueprint": "블루프린트 편집",
    "axiom.editorui.window.clipboard.empty": "비우기",
    "axiom.editorui.window.expand_selection": "확장 선택",
    "axiom.editorui.mainmenu.export_schematic": "스키메틱 내보내기...",
    "axiom.editorui.mainmenu.file": "파일",
    "axiom.editorui.window.style_editor.export_to_clipboard": "클립보드로 내보내기",
    "axiom.editorui.window.blueprint_browser.move_file_already_exists": "'%s' 파일이 이미 디렉터리에 있습니다.",
    "axiom.editorui.window.blueprint_browser.file_missing_message1": "'%s' 파일이 더 이상 존재하지 않습니다!",
    "axiom.editorui.mainmenu.operations.fill_category": "채우기",
    "axiom.editorui.window.fill": "채우기",
    "axiom.editorui.mainmenu.operations.fill_bottom": "아랫면 채우기...",
    "axiom.editorui.mainmenu.operations.fill_outline": "윤곽 채우기...",
    "axiom.editorui.mainmenu.operations.fill_top": "윗면 채우기",
    "axiom.editorui.window.set_biome.fill_vertically": "수직 채우기",
    "axiom.editorui.mainmenu.operations.fill_walls": "벽 채우기",
    "axiom.editorui.mainmenu.operations.fill_outline_description": "선택한 영역의 모든 면을 블록으로 채웁니다.",
    "axiom.editorui.mainmenu.operations.fill_bottom_description": "선택한 영역의 아랫면을 블록으로 채웁니다.",
    "axiom.editorui.mainmenu.operations.fill_walls_description": "선택한 영역의 벽면을 블록으로 채웁니다.",
    "axiom.editorui.mainmenu.operations.fill_description": "선택 영역을 블록으로 채웁니다.",
    "axiom.editorui.mainmenu.operations.fill_top_description": "선택한 영역의 윗면을 블록으로 채웁니다.",
    "axiom.editorui.mainmenu.operations.fill": "채우기...",
    "axiom.editorui.window.filter_selection.filter": "적용",
    "axiom.editorui.window.filter_selection": "필터 선택",
    "axiom.editorui.mainmenu.select.filter": "필터...",
    "axiom.editorui.window.world_properties.fire_tick": "불 지속 시간(틱)",
    "axiom.editorui.window.world_properties.freeze_time": "시간 정지",
    "axiom.editorui.mainmenu.operations.generate": "생성",
    "axiom.editorui.mainmenu.operations.gravity": "중력",
    "axiom.editorui.window.create_shape.height": "높이",
    "axiom.editorui.hold_for_more_options": "%s을(를) 길게 눌러 상세",
    "axiom.editorui.warning_confirmation": "알겠습니다. 다시는 이 메시지를 표시하지 마세요!",
    "axiom.editorui.mainmenu.file.import_schematic": "스키메틱 가져오기...",
    "axiom.editorui.window.style_editor.import_from_clipboard": "클립보드에서 가져오기",
    "axiom.editorui.window.tool_masks.mask_inselection": "선택 영역 내",
    "axiom.editorui.window.fill.inside": "안쪽",
    "axiom.editorui.window.palette.invalid_name_blank": "잘못된 이름: 공백일 수 없습니다.",
    "axiom.editorui.window.palette.invalid_name_contains_hash": "잘못된 이름: '#'을(를) 포함할 수 없습니다.",
    "axiom.editorui.window.clipboard.placement_options.keep_existing": "기존 상태 유지",
    "axiom.editorui.window.keybinds": "단축키 설정",
    "axiom.editorui.mainmenu.help.keybinds": "단축키 설정...",
    "axiom.editorui.left_mouse_short": "마우스 왼쪽 버튼",
    "axiom.editorui.mainmenu.view.liquid_opacity": "액체 불투명도",
    "axiom.editorui.window.tool_masks.logic": "논리",
    "axiom.editorui.middle_mouse_short": "마우스 휠 버튼",
    "axiom.editorui.view.main_name": "메인",
    "axiom.editorui.window.tool_masks.masks": "마스크",
    "axiom.editorui.window.style_editor.menu_bar_background": "메뉴 표시줄 배경",
    "axiom.editorui.window.world_properties.midnight": "자정",
    "axiom.editorui.mainmenu.view.min_brightness": "최소 밝기",
    "axiom.editorui.window.world_properties.mob_spawning": "몬스터 스폰",
    "axiom.editorui.window.blueprint_browser.sort_by.name": "이름",
    "axiom.editorui.window.create_blueprint.name": "이름",
    "axiom.editorui.window.tool_masks.mask_near": "근처",
    "axiom.editorui.window.tool_masks.mask_neighbor": "이웃",
    "axiom.editorui.window.blueprint_browser.new_folder": "새 폴더",
    "axiom.editorui.window.blueprint_browser.new_folder_i": "새 폴더 (%s)",
    "axiom.editorui.view.create_new": "새 보기",
    "axiom.editorui.view.new_view_name": "새 보기",
    "axiom.editorui.window.world_properties.night": "밤",
    "axiom.editorui.window.tool_options.no_active_tool": "활성화 도구 없음",
    "axiom.editorui.window.history.no_history": "내역 없음",
    "axiom.editorui.window.history": "작업 내역",
    "axiom.editorui.window.world_properties.noon": "낮",
    "axiom.editorui.window.tool_masks.mask_offset": "오프셋",
    "axiom.editorui.window.tool_masks.mask_or": "OR",
    "axiom.editorui.mainmenu.operations": "작업",
    "axiom.editorui.window.fill.outline": "윤곽",
    "axiom.editorui.window.palette": "팔레트",
    "axiom.editorui.window.clipboard.placement_options.paste_air": "공기도 함께 붙여넣기",
    "axiom.editorui.window.world_properties.pause_weather": "날씨 멈춤",
    "axiom.editorui.window.create_shape.do_place": "배치",
    "axiom.editorui.window.clipboard.placement_options": "배치 옵션",
    "axiom.editorui.window.world_properties.player": "플레이어",
    "axiom.editorui.window.world_properties.player_invulnerability": "플레이어 무적",
    "axiom.editorui.window.style_editor.popup_background": "팝업 배경",
    "axiom.editorui.window.style_editor.popup_borders": "팝업 테두리",
    "axiom.editorui.window.target_info.position": "위치: %s, %s, %s",
    "axiom.editorui.mainmenu.create.pyramid": "피라미드...",
    "axiom.editorui.window.create_shape.pyramid": "피라미드",
    "axiom.editorui.right_mouse_short": "마우스 오른쪽 버튼",
    "axiom.editorui.window.create_shape.radius": "반지름",
    "axiom.editorui.window.world_properties.rain_weather": "비",
    "axiom.editorui.window.world_properties.random_tick_speed": "랜덤 지속시간(틱) 속도",
    "axiom.editorui.window.palette.recently_used": "최근 사용한 항목",
    "axiom.editorui.mainmenu.edit.redo": "다시 실행",
    "axiom.editorui.mainmenu.edit.redo_named": "다시 실행 %s",
    "axiom.editorui.window.palette.remove_block": "블록 제거",
    "axiom.editorui.window.blueprint_browser.rename_file": "파일 이름 변경",
    "axiom.editorui.window.replace": "교체",
    "axiom.editorui.window.replace.do_replace": "교체",
    "axiom.editorui.mainmenu.operations.fill_nearest_description": "공기 블록을 가장 가까운 공기가 아닌 블록으로 교체합니다.",
    "axiom.editorui.mainmenu.operations.replace": "교체...",
    "axiom.editorui.window.style_editor.reset": "초기화",
    "axiom.editorui.mainmenu.help.reset_tutorial": "튜토리얼 초기화",
    "axiom.editorui.window.create_blueprint.save": "저장",
    "axiom.editorui.mainmenu.edit.save_blueprint": "블루프린트 저장",
    "axiom.editorui.window.create_blueprint.save_blueprint": "블루프린트 저장",
    "axiom.editorui.mainmenu.select": "선택",
    "axiom.editorui.window.create_shape.separate_xyz": "XYZ 축 분리하기",
    "axiom.editorui.window.create_shape.separate_xz": "XZ 축 분리하기",
    "axiom.editorui.window.world_properties.unavailable_description": "서버가 월드 속성 편집을 지원하지 않습니다.",
    "axiom.editorui.mainmenu.operations.set_biome": "생물군계 설정...",
    "axiom.editorui.window.set_biome": "생물군계 설정",
    "axiom.editorui.window.set_biome.do_set_biome": "생물군계 설정",
    "axiom.editorui.window.create_shape.shape": "모양",
    "axiom.editorui.mainmenu.view.show_biomes": "생물군계 표시",
    "axiom.editorui.mainmenu.window.show_close_window_button": "창 닫기 버튼 표시",
    "axiom.editorui.mainmenu.view.show_key_presses": "입력 키 표시",
    "axiom.editorui.mainmenu.view.show_selection": "선택 영역 표시",
    "axiom.editorui.mainmenu.operations.simulation_category": "시뮬레이션",
    "axiom.editorui.window.tool_masks.mask_adjacent": "인접",
    "axiom.editorui.window.tool_masks.mask_biome": "생물 군계",
    "axiom.editorui.window.tool_masks.mask_can_see_sky": "하늘 볼 수 있음",
    "axiom.editorui.window.tool_masks.mask_not": "NOT",
    "axiom.editorui.window.tool_masks.mask_surface": "표면",
    "axiom.editorui.window.create_shape.advanced": "고급",
    "axiom.editorui.window.autoshade": "자동 음영",
    "axiom.editorui.mainmenu.operations.autoshade": "자동 음영...",
    "axiom.editorui.window.autoshade.do_autoshade": "적용",
    "axiom.editorui.window.keybinds.load_axiom_defaults": "Axiom 기본",
    "axiom.editorui.window.blueprint_browser.close": "닫기",
    "axiom.editorui.window.blueprint_browser.confirm": "확인",
    "axiom.widget.confirm": "확인",
    "axiom.tool.selection.confirm_selection": "확인 (%s)",
    "axiom.tutorial.box_select_tool2": "도구 사용을 시작해 봅시다! 먼저 한 점을 클릭하고 마우스를 드래그해서 다른 점을 클릭합니다.\n그런 다음 이동 도구를 사용하면 직접 조정할 수 있게 됩니다.\nEnter키를 누르면 선택이 확정됩니다.",
    "axiom.editorui.window.style_editor.base_style": "기본 스타일",
    "axiom.editorui.window.keybinds.load_blender_defaults": "블랜더처럼",
    "axiom.editorui.window.world_properties.block_drops": "블록 떨굼",
    "axiom.editorui.window.style_editor.border_color": "경계선",
    "axiom.editorui.window.style_editor.borders_category": "경계선",
    "axiom.editorui.window.style_editor.button_hovered": "버튼 (가리킴)",
    "axiom.editorui.window.style_editor.frame_background_hovered": "프레임 배경 (가리킴)",
    "axiom.editorui.window.style_editor.header_hovered": "헤더 (가리킴)",
    "axiom.editorui.window.style_editor.resize_grip_hovered": "창 크기 변경 (가리킴)",
    "axiom.editorui.window.style_editor.scrollbar_grab_hovered": "스크롤 바 (가리킴)",
    "axiom.editorui.window.style_editor.separator_hovered": "구분선 (가리킴)",
    "axiom.editorui.window.style_editor.tab_hovered": "탭 (가리킴)",
    "axiom.editorui.window.style_editor.frame_background": "프레임 배경",
    "axiom.editorui.window.style_editor.frame_background_active": "프레임 배경 (활성화)",
    "axiom.editorui.window.style_editor.header": "헤더",
    "axiom.editorui.window.style_editor.header_active": "헤더 (활성화)",
    "axiom.editorui.window.style_editor.resize_grip": "창 크기 변경",
    "axiom.editorui.window.style_editor.resize_grip_active": "창 크기 변경 (활성)",
    "axiom.editorui.window.style_editor.scrollbar_grab": "스크롤 바",
    "axiom.editorui.window.style_editor.scrollbar_grab_active": "스크롤 바 (활성화)",
    "axiom.editorui.window.style_editor.separator": "구분선",
    "axiom.editorui.window.style_editor.separator_active": "구분선 (활성화)",
    "axiom.editorui.window.style_editor.tab_active": "탭 (활성화)",
    "axiom.editorui.window.style_editor.tab": "탭",
    "axiom.editorui.window.style_editor.checkmark": "체크 표시",
    "axiom.editorui.window.style_editor.child_borders": "하위 항목 경계선",
    "axiom.editorui.window.style_editor.child_rounding": "하위 항목",
    "axiom.editorui.window.palette.this_will_delete_children": "%s 폴더의 모든 하위 항목도 삭제됩니다.",
    "axiom.editorui.window.style_editor.color": "색",
    "axiom.editorui.window.style_editor.copied": "복사 완료!",
    "axiom.editorui.window.style_editor.disabled_text": "비활성 텍스트",
    "axiom.editorui.window.style_editor.docking_preview": "창 고정 미리보기",
    "axiom.editorui.window.style_editor.docking_empty_background": "창 고정 빈 배경",
    "axiom.editorui.window.style_editor.drag_drop_target": "드래그 드롭 대상",
    "axiom.editorui.window.style_editor.frame_category": "프레임",
    "axiom.editorui.window.style_editor.frame_borders": "프레임 경계선",
    "axiom.editorui.window.style_editor.frame_rounding": "프레임",
    "axiom.editorui.window.style_editor.other_category": "기타",
    "axiom.editorui.window.style_editor.popup_rounding": "팝업",
    "axiom.editorui.window.style_editor.revert": "초기화",
    "axiom.editorui.window.style_editor.rounding_category": "둥근 모서리",
    "axiom.editorui.window.style_editor.scrollbar_category": "스크롤 바",
    "axiom.editorui.window.style_editor.scrollbar_background": "스크롤 바 배경",
    "axiom.editorui.window.style_editor.scrollbar_rounding": "스크롤 바",
    "axiom.editorui.window.style_editor.sizes": "사이즈",
    "axiom.editorui.window.style_editor.slider_grab": "슬라이더",
    "axiom.editorui.window.style_editor.slider_grab_active": "슬라이더 (활성화)",
    "axiom.editorui.window.style_editor.slider_grab_rounding": "슬라이더",
    "axiom.editorui.window.style_editor": "스타일 편집",
    "axiom.editorui.window.style_editor.tab_borders": "탭 경계선",
    "axiom.editorui.window.style_editor.tab_rounding": "탭",
    "axiom.editorui.window.style_editor.table_border_light": "창 경계선 (밝은 색)",
    "axiom.editorui.window.style_editor.table_border_strong": "창 경계선 (어두운 색)",
    "axiom.editorui.window.style_editor.text": "텍스트",
    "axiom.editorui.window.style_editor.text_category": "텍스트",
    "axiom.editorui.window.style_editor.theme_name": "테마 이름",
    "axiom.editorui.window.style_editor.theme_parameters": "테마 속성",
    "axiom.editorui.window.style_editor.title_background": "타이틀 배경",
    "axiom.editorui.window.style_editor.title_background_active": "타이틀 배경 (활성화)",
    "axiom.editorui.window.style_editor.title_background_collapsed": "타이틀 배경 (최소화)",
    "axiom.editorui.window.style_editor.unfocused_tab": "비활성 탭",
    "axiom.editorui.window.style_editor.unfocused_tab_active": "비활성 탭 (활성화)",
    "axiom.editorui.window.style_editor.widget_category": "위젯",
    "axiom.editorui.window.style_editor.window_category": "창",
    "axiom.editorui.window.style_editor.window_background": "창 배경",
    "axiom.editorui.window.style_editor.window_borders": "창 경계선",
    "axiom.editorui.window.style_editor.window_rounding": "창",
    "axiom.tool.shape.cone.rounding": "둥근 모서리",
    "axiom.editorui.window.history.clear": "지우기",
    "axiom.editorui.window.world_properties.clear_weather": "맑은 날씨",
    "axiom.editorui.mainmenu.operations.generate.colour_field": "색상 필드",
    "axiom.editorui.window.replace.copy_properties": "속성 복사",
    "axiom.widget.block_properties": "속성",
    "axiom.widget.block_list.right_click_to_edit_properties": "속성을 편집하려면 마우스 오른쪽 버튼을 누르세요.",
    "axiom.editorui.window.palette.cannot_be_undone": "이 작업은 되돌릴 수 없습니다.",
    "axiom.buildertool.scroll_nudge": "스크롤 해서 선택 범위 확장",
    "axiom.keybind.nudge_with_scroll": "선택 범위 (스크롤)",
    "axiom.keybind.nudge_backwards": "선택 범위 (뒤로)",
    "axiom.keybind.nudge_forwards": "선택 범위 (앞으로)",
    "axiom.editorui.mainmenu.operations.fill_nearest": "근처의 블록으로 채우기",
    "axiom.tutorial.selection2": "%s을(를) 눌러 블록으로 선택 영역을 채울 수 있습니다.\n%s을(를) 사용하면 블록을 교체할 수 있습니다.\n%s/%s/Delete → 복사/자르기/삭제",
    "axiom.tutorial.selection1": "이것은 선택 도구입니다.\n선택 도구를 사용하면 선택한 위치에 도구 사용 또는 작업을 적용할 수 있게 됩니다.\n선택을 취소하려면 Enter키를 누르세요.",
    "axiom.toasts.disabled": "'%s'이(가) 비활성화 되었습니다.",
    "axiom.toasts.enabled": "'%s'이(가) 활성화 되었습니다.",
    "axiom.tool.rock.preview_disabled": "반지름이 %s을(를) 초과하면 자동으로 비활성화됩니다.",
    "axiom.history_description.biome_painted": "생물 군계가 수정됨 (%s 블록)",
    "axiom.tool.ruler.bounding_size": "경계 사이즈 = %s, %s, %s",
    "axiom.tool.selection.clear_selection": "선택 해제 (%s)",
    "axiom.tool.selection.fill_selection": "채우기 (%s)",
    "axiom.tool.selection.copy_selection": "복사 (%s)",
    "axiom.tool.selection.cut_selection": "자르기 (%s)",
    "axiom.tool.selection.replace_selection": "교체 (%s)",
    "axiom.tool.selection": "선택",
    "axiom.tool.selection.replace": "새 선택 영역",
    "axiom.tool.selection.add": "선택 영역 추가",
    "axiom.tool.selection.subtract": "선택 영역에서 빼기",
    "axiom.tool.selection.intersect": "선택 영역과 교차",
    "axiom.tool.selection.mode": "모드",
    "axiom.tool.selection.actions": "작업",
    "axiom.history_description.cloned": "복제됨 (%s 블록)",
    "axiom.history_description.cut": "잘라냄 (%s 블록)",
    "axiom.editorui.window.palette.delete": "%s 삭제",
    "axiom.editorui.window.blueprint_browser.delete": "삭제",
    "axiom.widget.delete": "삭제",
    "axiom.history_description.deleted": "제거됨 (%s 블록)",
    "axiom.keymod.alt": "Alt",
    "axiom.keybinds.copy": "복사",
    "axiom.keybinds.cut": "잘라내기",
    "axiom.keybinds.flip_placement": "반전 배치",
    "axiom.keybinds.quick_fill.fill_with": "...으로 채우기",
    "axiom.keybinds.move_backward": "뒤로 이동",
    "axiom.keybinds.move_down": "아래로 이동",
    "axiom.keybinds.move_forward": "앞으로 이동",
    "axiom.keybinds.move_left": "왼쪽으로 이동",
    "axiom.keybinds.move_right": "오른쪽으로 이동",
    "axiom.keybinds.move_up": "위로 이동",
    "axiom.keybinds.arcball_camera": "아크볼 카메라",
    "axiom.tool.biome_painter.fill_vertically": "수직 채우기",
    "axiom.editorui.mainmenu.help.discord_server": "디스코드 서버...",
    "axiom.editorui.mainmenu.help.documentation": "문서...",
    "axiom.editorui.mainmenu.select.distort": "왜곡...",
    "axiom.editorui.window.distort_selection.do_distort": "적용",
    "axiom.tool.distort": "왜곡",
    "axiom.editorui.window.expand_selection.do_expand": "적용",
    "axiom.editorui.window.fill.do_fill": "적용",
    "axiom.tool.generic.noise_seed_do_randomize": "시드 랜덤화",
    "axiom.history_description.deselected": "선택 해제됨 (%s 블록)",
    "axiom.history_description.deselected_all": "모든 블록이 선택 해제됨",
    "axiom.history_description.distorted": "왜곡됨 (%s 블록)",
    "axiom.history_description.drained_n": "제거됨 (%s 액체 블록)",
    "axiom.history_description.drew": "그려짐 (%s 블록)",
    "axiom.history_description.elevation_tool": "고도가 수정됨 (%s 블록)",
    "axiom.history_description.expanded": "확장됨 (%s 블록)",
    "axiom.history_description.shrunk": "압축됨 (%s 블록)",
    "axiom.history_description.extrude_tool": "확장됨 (%s 블록)",
    "axiom.history_description.fill_nearest": "근처 블록으로 채워짐 (%s 블록)",
    "axiom.history_description.floodfilled": "쏟아부었음 (%s 블록)",
    "axiom.history_description.melted": "녹아내림 (%s개 블록)",
    "axiom.tutorial.history": "Axiom은 작업 내역을 추적하여 취소 및 다시 실행할 수 있도록 하며 이 창은 그 변경 사항이 표시됩니다. (팁: 마우스 왼쪽 버튼으로 기록을 되돌리고 오른쪽 버튼으로 변경 사항을 확인할 수 있습니다.)",
    "axiom.history_description.flatten_tool": "평평해짐 (%s 블록)",
    "axiom.tool.elevation": "고도",
    "axiom.tool.flatten": "평탄화",
    "axiom.tool.elevation.mode_flatten": "평탄화",
    "axiom.tool.elevation.flatten_down": "아래쪽 평탄화",
    "axiom.tool.elevation.mode_flatten_up": "위쪽 평탄화",
    "axiom.tool.flatten.lock_y": "Y축 고정",
    "axiom.tool.flatten.unlock_y": "Y축 잠금 해제",
    "axiom.tool.shape.shape_category.flat": "평면",
    "axiom.tool.flatten.locked_at": "%s에 고정",
    "axiom.tool.flatten.right_click_to_lock": "고정하려면 마우스 오른쪽 버튼을 누르세요.",
    "axiom.editorui.window.history.history_size": "작업 내역 용량: %s",
    "axiom.history_description.moved": "이동됨 (%s 블록)",
    "axiom.history_description.painted": "칠해짐 (%s 블록)",
    "axiom.history_description.placed_blueprint": "블루프린트 배치됨 (%s 파일)",
    "axiom.history_description.placed": "배치됨 (%s 블록)",
    "axiom.history_description.rock_tool": "바위 생성됨 (%s 블록)",
    "axiom.history_description.roughen_tool": "거칠어짐 (%s 블록)",
    "axiom.history_description.sculpt_draw_tool": "조각/그리기 도구 사용됨 (%s 블록)",
    "axiom.history_description.selected": "선택됨 (%s 블록)",
    "axiom.history_description.selected_additional": "선택됨 (+%s 블록)",
    "axiom.history_description.set_n_blocks_to": "선택됨 (%s 블록)",
    "axiom.history_description.shatter": "분쇄됨 (%s 블록)",
    "axiom.history_description.slope_tool": "경사 도구 사용됨 (%s 블록)",
    "axiom.history_description.smeared": "늘려짐 (%s 블록)",
    "axiom.history_description.smoothed": "매끄러워짐 (%s 블록)",
    "axiom.history_description.stacked": "쌓임 (%s 블록)",
    "axiom.history_description.text_tool": "텍스트 생성됨 (%s 블록)",
    "axiom.editorui.mainmenu.operations.waterlog": "액체 추가",
    "axiom.history_description.waterlogged_n": "배치됨 (%s 액체 블록)",
    "axiom.history_description.modified": "수정됨 (%s 블록)",
    "axiom.history_description.welded": "용접됨 (%s 블록)",
    "axiom.editorui.mainmenu.edit.undo_named": "실행 취소 %s",
    "axiom.keybinds.undo": "실행 취소",
    "axiom.editorui.mainmenu.edit.undo": "실행 취소",
    "axiom.editorui.window.smooth_selection.do_smooth": "적용",
    "axiom.editorui.window.shrink_selection.do_shrink": "적용",
    "axiom.editorui.window.distort_selection": "왜곡 선택",
    "axiom.editorui.mainmenu.select.expand": "확장...",
    "axiom.editorui.window.clipboard.placement_options.rotate_scale": "회전/크기 조정...",
    "axiom.editorui.mainmenu.select.smooth": "매끄럽게...",
    "axiom.editorui.mainmenu.operations.type_replace": "같은 유형끼리만 교체...",
    "axiom.tool.roughen.mode_add": "추가",
    "axiom.editorui.escape_key": "Esc",
    "axiom.editorui.enter_key": "엔터",
    "axiom.editorui.mainmenu.help": "도움말",
    "axiom.editorui.mainmenu.view": "보기",
    "axiom.editorui.styles.imgui_dark": "ImGui 어두운 테마",
    "axiom.editorui.styles.imgui_light": "ImGui 밝은 테마",
    "axiom.keybind_categories.view": "보기",
    "axiom.editorui.mainmenu.window": "창",
    "axiom.editorui.window.blueprint_browser.sort_by": "정렬 기준",
    "axiom.editorui.window.create_shape.hollow": "빈 공간",
    "axiom.keybind_capabilities": "Axiom (기능)",
    "axiom.tool.shatter.axis": "축",
    "axiom.keybind_categories.basic": "기본",
    "axiom.tool.biome_painter": "생물 군계 페인터",
    "axiom.editorui.mainmenu.create.sphere": "구...",
    "axiom.editorui.mainmenu.help.style_editor": "스타일 에디터",
    "axiom.editorui.mainmenu.operations.smoothsnow": "매끄러운 눈",
    "axiom.editorui.mainmenu.select.shrink": "축소...",
    "axiom.tool.box_select.shrink": "축소",
    "axiom.tool.extrude.mode.shrink": "축소",
    "axiom.editorui.window.shrink_selection": "축소 선택",
    "axiom.editorui.window.shrink_selection.shrink_selection_by": "숫자만큼 선택 영역 축소",
    "axiom.tool.box_select.shrink_description": "공기가 아닌 블록에 맞춰 선택 영역을 축소시킵니다.",
    "axiom.tool.extrude.displace_shrink_description": "1 블록 높이의 표면을 파괴하지 않고 밀어서 이동시킵니다.",
    "axiom.editorui.mainmenu.toolmasks": "도구 마스크",
    "axiom.editorui.mainmenu.view.ui_scale": "UI 크기",
    "axiom.editorui.mainmenu.window.windows": "창 추가",
    "axiom.editorui.multiple_keybinds": "복수 설정",
    "axiom.editorui.no_keybind": "없음",
    "axiom.editorui.pin_location": "위치 고정",
    "axiom.editorui.pin_world": "맵 고정",
    "axiom.editorui.skip_update": "건너뛰기",
    "axiom.editorui.spectators_generate_chunks_warning": "경고: gamerule spectatorsGenerateChunks가 false로 설정되어 있으면 에디터 UI에 심각한 문제가 발생할 수 있습니다. gamerule을 true로 설정하세요.",
    "axiom.editorui.speed": "속도",
    "axiom.editorui.teleport": "순간이동...",
    "axiom.editorui.update": "업데이트",
    "axiom.editorui.window.block_distribution_total": "총합",
    "axiom.editorui.window.blueprint_browser.disable_auto_refresh": "자동 새로고침 비활성화",
    "axiom.editorui.window.blueprint_browser.file_browser_osx": "파일 관리자",
    "axiom.editorui.window.blueprint_browser.file_browser_other": "시스템 파일 브라우저",
    "axiom.editorui.window.blueprint_browser.file_browser_win": "Windows 탐색기",
    "axiom.editorui.window.blueprint_browser.file_missing": "이 파일은 존재하지 않습니다!",
    "axiom.editorui.window.blueprint_browser.file_missing_message2": "%s를 통해 이동 또는 삭제하셨습니까?",
    "axiom.editorui.window.blueprint_browser.move_file": "이동",
    "axiom.editorui.window.blueprint_browser.move_file_overwrite": "덮어쓰기",
    "axiom.editorui.window.blueprint_browser.open_folder": "폴더 열기",
    "axiom.editorui.window.blueprint_browser.overflow_files": "꽉 찼습니다!",
    "axiom.editorui.window.blueprint_browser.overflow_files_message": "파일 변경이 대량으로 감지되었습니다.",
    "axiom.editorui.window.blueprint_browser.reload": "새로고침",
    "axiom.editorui.window.blueprint_browser.sort_by.descending": "내림차순",
    "axiom.editorui.window.blueprint_browser.unnamed_blueprint": "이름 없음",
    "axiom.editorui.window.clipboard.unlock_rotation": "회전 잠금 해제",
    "axiom.editorui.window.clipboard.warning_1": "90도 이외의 각도로 회전하는 것은 손실이 발생하는 작업입니다.",
    "axiom.editorui.window.clipboard.warning_title": "90도 이외의 회전 경고",
    "axiom.editorui.window.create_shape.pitch": "y축을 중심으로 회전",
    "axiom.editorui.window.create_shape.roll": "x축을 중심으로 회전",
    "axiom.editorui.window.create_shape.yaw": "z축을 중심으로 회전",
    "axiom.editorui.window.create_shape.sphere": "구",
    "axiom.editorui.window.create_shape.width": "너비",
    "axiom.editorui.window.distort_selection.noise_radius": "노이즈 반지름",
    "axiom.editorui.window.expand_selection.expand_selection_by": "숫자만큼 선택 영역 확대",
    "axiom.editorui.window.fill.top": "윗면",
    "axiom.editorui.window.fill.walls": "벽",
    "axiom.editorui.window.keybinds.conflicts_with": "이 할당은 다음과 충돌합니다:",
    "axiom.editorui.window.keybinds.load_default": "기본값 로드...",
    "axiom.editorui.window.keybinds.unbind": "할당 해제",
    "axiom.editorui.window.palette.custom_empty": "비어 있음 (마우스 오른쪽 버튼을 클릭하여 추가)",
    "axiom.editorui.window.palette.invalid_name_duplicate": "중복된 이름: %s가 이미 존재합니다.",
    "axiom.editorui.window.palette.rename": "이름 바꾸기 %s",
    "axiom.editorui.window.palette.unknown_custom_block": "알 수 없는 사용자 지정 블록",
    "axiom.editorui.window.rotate_placement": "회전/크기 배치",
    "axiom.editorui.window.smooth_selection": "매끄럽게 배치",
    "axiom.editorui.window.smooth_selection.stddev": "표준 편차",
    "axiom.editorui.window.smooth_selection.threshold": "임계값",
    "axiom.editorui.window.target_info": "대상 정보",
    "axiom.editorui.window.target_info.no_target": "대상 없음",
    "axiom.editorui.window.target_info.targeted_biome": "대상 생물군계: %s",
    "axiom.editorui.window.target_info.targeted_block": "대상 블록: %s",
    "axiom.editorui.window.tool_masks": "도구 마스크",
    "axiom.editorui.window.tool_masks.mode": "모드",
    "axiom.editorui.window.tool_masks.mode_dest": "대상만",
    "axiom.editorui.window.tool_masks.mode_source": "소스만",
    "axiom.editorui.window.tool_masks.mode_source_and_dest": "소스와 대상",
    "axiom.editorui.window.tool_options": "도구 옵션",
    "axiom.editorui.window.tools": "도구",
    "axiom.editorui.window.type_replace": "유형 교체",
    "axiom.editorui.window.world_properties": "맵 속성",
    "axiom.editorui.window.world_properties.thunder_weather": "천둥",
    "axiom.editorui.window.world_properties.time": "시간",
    "axiom.editorui.window.world_properties.trample_farmland": "경작지 짓밟기",
    "axiom.editorui.window.world_properties.unavailable": "사용할 수 없음",
    "axiom.editorui.window.world_properties.weather": "날씨",
    "axiom.generic.close": "닫기",
    "axiom.key.scroll_down": "아래로 스크롤",
    "axiom.key.scroll_left": "왼쪽으로 스크롤",
    "axiom.key.scroll_right": "오른쪽으로 스크롤",
    "axiom.key.scroll_up": "위로 스크롤",
    "axiom.keybind": "Axiom",
    "axiom.keybind.builder_tool_slot": "건설 도구 슬롯",
    "axiom.keybind.context": "콘텐츠 메뉴",
    "axiom.keybind.orbit_camera": "궤도 카메라",
    "axiom.keybind.toggle_angel_placement_cap": "공중 배치 모드",
    "axiom.keybind.toggle_bulldozer_cap": "빠른 파괴 모드",
    "axiom.keybind.toggle_editor_ui": "에디터 UI 모드",
    "axiom.keybind.toggle_fast_place_cap": "빠른 배치 모드",
    "axiom.keybind.toggle_force_place_cap": "강제 배치 모드",
    "axiom.keybind.toggle_infinite_reach_cap": "무한 범위 모드",
    "axiom.keybind.toggle_no_clip_cap": "블록 통과 모드",
    "axiom.keybind.toggle_no_updates_cap": "파괴 방지 모드",
    "axiom.keybind.toggle_replace_mode_cap": "교체 모드",
    "axiom.keybind.toggle_tinker_cap": "상태 편집 모드",
    "axiom.keybind_builder_tools": "Axiom (건설 도구)",
    "axiom.keybind_categories.edit": "편집",
    "axiom.keybind_categories.movement": "움직임",
    "axiom.keybind_categories.operations": "작업",
    "axiom.keybind_categories.placement": "배치",
    "axiom.keybind_options.invert_camera_rotate": "카메라 회전 반전",
    "axiom.keybind_options.use_vanilla_movement": "바닐라 움직임 사용",
    "axiom.keybinds.adjust_radius": "도구 반지름 조정",
    "axiom.keybinds.crosshair_camera": "십자선",
    "axiom.keybinds.move_quick": "빠른 이동 (달리기)",
    "axiom.keybinds.pan_camera": "판 카메라",
    "axiom.keybinds.paste": "붙여넣기",
    "axiom.keybinds.quick_fill": "빠른 채우기",
    "axiom.keybinds.pick_block": "블록 선택",
    "axiom.keybinds.quick_replace": "빠른 교체",
    "axiom.keybinds.quick_replace.replace_from": "교체 (설치된 블록 선택)",
    "axiom.keybinds.quick_replace.replace_to": "교체 (바꿀 블록 선택)",
    "axiom.keybinds.redo": "다시 실행",
    "axiom.keybinds.rotate_camera": "카메라 회전",
    "axiom.keybinds.rotate_placement": "회전 배치",
    "axiom.keybinds.save_blueprint": "블루프린트 저장",
    "axiom.keybinds.show_biomes": "생물군계 표시",
    "axiom.keybinds.show_selection": "선택 영역 표시",
    "axiom.keybinds.use_tool": "도구 사용",
    "axiom.keymod.ctrl": "Ctrl",
    "axiom.keymod.mac_cmd": "Cmd",
    "axiom.keymod.super": "Super",
    "axiom.keymod.shift": "Shift",
    "axiom.keymod.win_super": "Win",
    "axiom.mask.angle.angle_tooltip": "각도를 입력합니다. 각도 단위, 90 = 위, 0 = 수평, -90 = 아래",
    "axiom.mask.angle.range": "범위",
    "axiom.mask.angle.range_tooltip": "허용 각도 범위가 높을수록 더 많은 각도가 허용됩니다.",
    "axiom.mask.near.radius": "반지름",
    "axiom.preset.create_new_preset": "새 사전 설정 생성",
    "axiom.preset.default": "기본값",
    "axiom.preset.delete": "'%s' 삭제",
    "axiom.preset.name": "이름",
    "axiom.preset.save": "저장",
    "axiom.tool.biome_painter.visualize_biomes": "생물군계 시각화",
    "axiom.tool.box_select": "사각형 선택",
    "axiom.tool.box_select.box_select.create_marker_region": "마커 영역 생성",
    "axiom.tool.box_select.input_mode": "입력",
    "axiom.tool.box_select.input_mode.pos1_and_pos2": "첫 번째 지점 & 두 번째 지점",
    "axiom.tool.box_select.input_mode.position_and_size": "위치 & 크기",
    "axiom.tool.box_select.pos1": "첫 번째 지점",
    "axiom.tool.box_select.pos2": "두 번째 지점",
    "axiom.tool.box_select.position": "위치",
    "axiom.tool.box_select.size": "크기",
    "axiom.tool.clentaminator": "자연 생성",
    "axiom.tool.clentaminator.allow_tall_grass": "키 큰 잔디 허용",
    "axiom.tool.clentaminator.clear": "지우기",
    "axiom.tool.clentaminator.crop_type": "작물 유형",
    "axiom.tool.clentaminator.crops": "작물",
    "axiom.tool.clentaminator.decorations": "장식",
    "axiom.tool.clentaminator.dirt_ground": "흙 바닥",
    "axiom.tool.clentaminator.farmland": "경작지",
    "axiom.tool.clentaminator.fertile_ocean_floor": "비옥한 해저 바닥",
    "axiom.tool.clentaminator.fully_grown": "완전히 성장함",
    "axiom.tool.clentaminator.grass": "잔디",
    "axiom.tool.clentaminator.grass_block": "잔디",
    "axiom.tool.clentaminator.grassiness": "잔디 무성함",
    "axiom.tool.clentaminator.gravel_ground": "자갈 바닥",
    "axiom.tool.clentaminator.moist_farmland": "젖음",
    "axiom.tool.clentaminator.sand": "모래",
    "axiom.tool.clentaminator.stone": "돌",
    "axiom.tool.clentaminator.tall_grass_block": "키 큰 잔디",
    "axiom.tool.clentaminator.terrain": "지형",
    "axiom.tool.magic_select": "자동 선택",
    "axiom.tool.lasso_select": "올가미 도구",
    "axiom.tool.freehand_select": "자유 선택",
    "axiom.tool.freehand_draw": "자유 그리기",
    "axiom.tool.ruler": "자",
    "axiom.tool.painter": "페인터",
    "axiom.tool.noise_painter": "노이즈 페인터",
    "axiom.tool.gradient_painter": "그레이디언트 페인터",
    "axiom.tool.sculpt_draw": "조각 그리기",
    "axiom.tool.rock": "바위 생성",
    "axiom.tool.weld": "용접",
    "axiom.tool.melt": "녹이기",
    "axiom.tool.stamp": "스탬프",
    "axiom.tool.text": "텍스트",
    "axiom.tool.text.text_input": "텍스트",
    "axiom.tool.shape": "모양",
    "axiom.tool.slope.shape": "모양",
    "axiom.tool.generic.brush_shape": "모양",
    "axiom.tool.gradient_painter.gradient_shape": "모양",
    "axiom.tool.shape.separate_xz": "XZ 축 분리하기",
    "axiom.tool.path": "펜",
    "axiom.tool.floodfill": "쏟아붓기",
    "axiom.tool.slope": "경사",
    "axiom.tool.smooth": "매끄럽게",
    "axiom.tool.roughen": "거친 표면",
    "axiom.tool.shatter": "분쇄",
    "axiom.tool.extrude": "축소/확장",
    "axiom.tool.distort.distance": "거리",
    "axiom.tool.ruler.display.distance": "거리",
    "axiom.tool.distort.distance_x": "거리 X",
    "axiom.tool.distort.distance_y": "거리 Y",
    "axiom.tool.distort.distance_z": "거리 Z",
    "axiom.tool.distort.distortion": "왜곡 설정",
    "axiom.tool.distort.iterations": "반복 횟수",
    "axiom.tool.distort.scale": "크기",
    "axiom.window.rotate_placement.do_rotate_and_scale": "회전/크기",
    "axiom.tool.noise_painter.scale": "크기",
    "axiom.tool.shatter.scale": "크기",
    "axiom.window.rotate_placement.do_rotate": "적용",
    "axiom.window.rotate_placement.do_scale": "적용",
    "axiom.window.rotate_placement.scale": "크기",
    "axiom.window.rotate_placement.scale2x": "크기 2배 (품질)",
    "axiom.window.rotate_placement.scale3x": "크기 3배 (품질)",
    "axiom.tool.distort.separate_axis": "축 분리",
    "axiom.tool.distort.smooth_edges": "가장자리 매끄럽게",
    "axiom.tool.elevation.apply_mode": "적용",
    "axiom.tool.elevation.dynamics": "역학",
    "axiom.tool.elevation.apply_mode.continuous": "연속",
    "axiom.tool.elevation.apply_mode.once": "단일",
    "axiom.tool.elevation.custom_heightmap": "사용자 지정 높이 맵",
    "axiom.tool.elevation.load_heightmap": "높이 맵 로드",
    "axiom.tool.heightmap.amount": "수량",
    "axiom.tool.heightmap.falloff": "경사면",
    "axiom.tool.heightmap.y_limit": "Y축 제한",
    "axiom.tool.heightmap.smoothing": "매끄러움",
    "axiom.tool.heightmap.rate": "속도",
    "axiom.tool.elevation.lower": "낮게",
    "axiom.tool.elevation.mode": "모드",
    "axiom.tool.elevation.raise_lower_mode": "모드",
    "axiom.tool.elevation.mode_lower": "낮게",
    "axiom.tool.elevation.mode_raise": "높게",
    "axiom.tool.elevation.raise": "높게",
    "axiom.tool.elevation.raise_and_lower": "높음 & 낮음",
    "axiom.tool.extrude.displace": "밀어내기",
    "axiom.tool.extrude.displace_expand_description": "1 블록 높이의 표면을 복제하지 않고 밀어서 이동시킵니다.",
    "axiom.tool.extrude.mode": "모드",
    "axiom.tool.noise_painter.block_mode": "모드",
    "axiom.tool.painter.paint_mode": "모드",
    "axiom.tool.extrude.mode.expand": "확장",
    "axiom.tool.generic.advanced_options": "고급",
    "axiom.tool.generic.brush": "브러쉬",
    "axiom.tool.generic.brush_height": "높이",
    "axiom.tool.generic.brush_radius": "반지름",
    "axiom.tool.generic.brush_shape.bicone": "쌍원뿔",
    "axiom.tool.generic.brush_shape.capsule": "캡슐",
    "axiom.tool.generic.brush_shape.cuboid": "직육면체",
    "axiom.tool.generic.brush_shape.ellipsoid": "타원체",
    "axiom.tool.generic.limit": "제한",
    "axiom.tool.generic.live_preview": "실시간 미리보기",
    "axiom.tool.generic.mask_surface": "표면 마스크",
    "axiom.tool.generic.mask_surface_short": "표면",
    "axiom.tool.generic.noise": "노이즈",
    "axiom.tool.generic.noise_seed": "시드",
    "axiom.tool.generic.reset_to_default": "기본값으로 재설정",
    "axiom.tool.generic.smoothing_options": "매끄러움",
    "axiom.tool.generic.surface_only": "표면만",
    "axiom.tool.gradient_painter.clamp_to_edge": "가장자리 고정",
    "axiom.tool.gradient_painter.gradient": "그레이디언트",
    "axiom.tool.painter.paint_mode.gradient": "그레이디언트",
    "axiom.tool.gradient_painter.gradient_interpolation": "보간",
    "axiom.tool.gradient_painter.gradient_interpolation_bezier": "베지어",
    "axiom.tool.gradient_painter.gradient_interpolation_linear": "선형",
    "axiom.tool.gradient_painter.gradient_interpolation_nearest": "근처",
    "axiom.tool.gradient_painter.gradient_shape_plane": "평면",
    "axiom.tool.gradient_painter.gradient_shape_sphere": "구",
    "axiom.tool.gradient_painter.lock_both": "첫 번째 지점 그리고 두 번째 지점",
    "axiom.tool.gradient_painter.lock_none": "없음",
    "axiom.tool.gradient_painter.lock_pos1": "첫 번째 지점",
    "axiom.tool.gradient_painter.locking": "고정",
    "axiom.tool.lasso_select.depth": "깊이",
    "axiom.tool.lasso_select.include_non_solid": "비고체 포함",
    "axiom.tool.magic_select.compare_any": "모든",
    "axiom.tool.magic_select.compare_block": "블록",
    "axiom.tool.magic_select.compare_blockstate": "블록 상태",
    "axiom.tool.magic_select.compare_mode": "비교 기준",
    "axiom.tool.magic_select.compare_solid": "고체",
    "axiom.tool.magic_select.range": "범위",
    "axiom.tool.noise_painter.metaball_range": "범위",
    "axiom.tool.shape.metaball_range": "범위",
    "axiom.tool.noise_painter.anisotropic": "이방성",
    "axiom.tool.noise_painter.block_mode_count": "블록 개수",
    "axiom.tool.ruler.display.block_count": "블록 개수",
    "axiom.tool.noise_painter.block_mode_threshold": "임계값",
    "axiom.tool.weld.threshold": "임계값",
    "axiom.tool.noise_painter.blocks": "블록",
    "axiom.tool.noise_painter.cumulative_distribution": "누적 분포",
    "axiom.tool.noise_painter.gain": "증폭(Gain)",
    "axiom.tool.noise_painter.jitter": "지터(Jitter)",
    "axiom.tool.noise_painter.lacunarity": "공극성(Lacunarity)",
    "axiom.tool.noise_painter.metaball_noise": "메타볼(Metaball)",
    "axiom.tool.noise_painter.noise_preview": "노이즈 미리보기",
    "axiom.tool.noise_painter.octaves": "옥타브",
    "axiom.tool.noise_painter.probability_density": "확률 밀도",
    "axiom.tool.noise_painter.simplex_noise": "심플렉스(Simplex)",
    "axiom.tool.noise_painter.splatter_noise": "스플래터(Splatter)",
    "axiom.tool.noise_painter.white_noise": "화이트(White)",
    "axiom.tool.noise_painter.worley_noise": "월리(Worley)",
    "axiom.tool.noise_painter.voronoi_edges": "보로노이 엣지(Voronoi Edges)",
    "axiom.tool.painter.clipboard_empty_warning": "클립보드가 비어 있습니다.",
    "axiom.tool.painter.inner_radius": "내부 반지름",
    "axiom.tool.path.radius": "반지름",
    "axiom.tool.rock.noise_radius": "노이즈 반지름",
    "axiom.tool.path.override_radius": "반지름 변경",
    "axiom.tool.painter.merge_strokes": "스트로크 병합",
    "axiom.tool.painter.paint_mode.active_block": "선택한 블록",
    "axiom.tool.painter.paint_mode.clipboard": "클립보드",
    "axiom.tool.painter.soft_edge": "가장자리 부드럽게",
    "axiom.tool.smooth.fix_edges": "가장자리 수정",
    "axiom.tool.path.curve_bezier": "베지어 곡선",
    "axiom.tool.path.curve_bresenham": "선(Bresenham)",
    "axiom.tool.path.curve_category": "곡선",
    "axiom.tool.path.curve_catenary": "현수선(Catenary)",
    "axiom.tool.path.curve_dda": "선(DDA)",
    "axiom.tool.path.curve_type": "유형",
    "axiom.window.autoshade.palette_type": "유형",
    "axiom.tool.path.curve_catmull_rom": "캣멀롬 스플라인(Catmull-Rom Spline)",
    "axiom.tool.path.deselect_point_n": "지점 %s 선택 취소",
    "axiom.tool.ruler.point_i": "지점 %s",
    "axiom.tool.ruler.points": "지점",
    "axiom.tool.ruler.add_point": "지점 추가",
    "axiom.tool.ruler.remove_point_i": "지점 %s 지우기",
    "axiom.tool.path.easing_cubic": "3차(Cubic)",
    "axiom.tool.path.easing_linear": "선형",
    "axiom.tool.path.easing_quadratic": "2차(Quadratic)",
    "axiom.tool.path.easing_quartic": "4차(Quartic)",
    "axiom.tool.path.easing_type_easein": "이지 인(Ease In)",
    "axiom.tool.path.easing_type_easeinout": "이지 인/아웃(Ease In/Out)",
    "axiom.tool.path.easing_type_easeout": "이지 아웃(Ease Out)",
    "axiom.tool.path.easing_type": "이징 유형(Easing Type)",
    "axiom.tool.path.easing": "이징(Easing)",
    "axiom.tool.path.easing_slight": "근소(Slight)",
    "axiom.tool.path.inverted": "반전",
    "axiom.tool.path.looped": "루프",
    "axiom.tool.path.override_block": "블록 변경",
    "axiom.tool.path.remove": "제거",
    "axiom.tool.roughen.mode_remove": "지우기",
    "axiom.widget.remove_blueprint_tag": "제거",
    "axiom.tool.shape.shape_category.modelling": "모델링",
    "axiom.tool.path.slack": "늘어짐",
    "axiom.tool.path.width": "너비",
    "axiom.tool.shape.width": "너비",
    "axiom.tool.shatter.width": "너비",
    "axiom.tool.rock.meld_strength": "융합 강도",
    "axiom.tool.rock.meld_strength.description": "지면에 융합되는 강도를 설정합니다.\n이것은 '매끄러움 표준 편차'의 영향을 받습니다.",
    "axiom.tool.rock.smoothing_stddev": "매끄러움 표준 편차",
    "axiom.tool.rock.noise_field_seed": "노이즈 필드 시드",
    "axiom.tool.rock.noise_field_seed.hint": "랜덤화",
    "axiom.tool.rock.noisiness": "노이즈 강도",
    "axiom.tool.rock.noisiness.description": "노이즈 필드가 블록에 미치는 영향의 강도를 설정합니다.\n0 = 노이즈 없음, 구형\n1 = 강한 노이즈, 얼룩",
    "axiom.tool.rock.smoothing_stddev.description": "0 = 매끄럽지 않음\n2 = 보통(~4블록) 매끄러움\n5 = 매우 강함(~10블록) 매끄러움",
    "axiom.tool.roughen.ratio": "비율",
    "axiom.tool.roughen.min_faces": "최소 표면",
    "axiom.tool.ruler.display": "표시",
    "axiom.tool.ruler.information": "정보",
    "axiom.tool.ruler.maximum": "최댓값 = %s, %s, %s",
    "axiom.tool.ruler.minimum": "최소값 = %s, %s, %s",
    "axiom.tool.ruler.no_information": "정보 없음",
    "axiom.tool.ruler.pitch": "피치(Pitch) = %s",
    "axiom.tool.ruler.select_center": "중앙 선택",
    "axiom.tool.ruler.total_length_euclidean": "총 길이 (Euclidean) = %s",
    "axiom.tool.ruler.total_length_manhattan": "총 길이 (Manhattan) = %s",
    "axiom.tool.ruler.yaw": "요(Yaw) = %s",
    "axiom.tool.sculpt_draw.denoise": "노이즈 제거",
    "axiom.tool.sculpt_draw.invert": "반전",
    "axiom.tool.sculpt_draw.mask_y": "마스크 Y축",
    "axiom.tool.sculpt_draw.strength": "강도",
    "axiom.tool.smooth.strength": "강도",
    "axiom.tool.weld.strength": "강도",
    "axiom.tool.shape.archimedean_spiral": "아르키메데스 나선형 ",
    "axiom.tool.shape.archimedean_spiral.loops": "루프",
    "axiom.tool.shape.cone": "원뿔",
    "axiom.tool.slope.shape_cone": "원뿔",
    "axiom.tool.shape.convex_hull": "볼록포",
    "axiom.tool.shape.cube": "큐브",
    "axiom.tool.shape.cuboid": "직육면체",
    "axiom.tool.shape.cylinder": "원기둥",
    "axiom.tool.shape.diameter": "지름",
    "axiom.tool.shape.disk": "원반",
    "axiom.tool.shape.dodecahedron": "십이면체",
    "axiom.tool.shape.extrude_tip": "팁: E 버튼을 누르면 축소/확장 지점을 선택할 수 있습니다.",
    "axiom.tool.shape.gizmo_space": "이동 도구",
    "axiom.tool.shape.gizmo_space.global": "글로벌(Global)",
    "axiom.tool.shape.gizmo_space.local": "로컬(Local)",
    "axiom.tool.shape.height": "높이",
    "axiom.tool.shape.icosahedron": "이십면체",
    "axiom.tool.shape.metaball": "메타볼(Metaball)",
    "axiom.tool.shape.modifiers": "모디파이어(Modifiers)",
    "axiom.tool.smooth.modifiers": "모디파이어(Modifiers)",
    "axiom.tool.shape.octahedron": "팔면체",
    "axiom.tool.shape.offset_when_placing": "배치 시 오프셋",
    "axiom.tool.shape.paste_options": "붙여넣기",
    "axiom.tool.stamp.paste_options": "붙여넣기",
    "axiom.tool.shape.pivot": "중심점",
    "axiom.tool.shape.pivot.center": "중심",
    "axiom.tool.shape.pivot.base": "맨 아래 중심",
    "axiom.tool.shape.placement_options": "배치",
    "axiom.tool.shape.plane": "평면",
    "axiom.tool.shape.pyramid": "피라미드",
    "axiom.tool.shape.regular_polygon": "정다각형",
    "axiom.tool.slope.shape_plane": "평면",
    "axiom.tool.shape.regular_polygon.sides": "측면",
    "axiom.tool.shape.reset_rotation": "회전 초기화",
    "axiom.tool.shape.rotation": "회전",
    "axiom.window.rotate_placement.rotation": "회전",
    "axiom.tool.shape.rotation.reset": "초기화",
    "axiom.window.rotate_placement.lossy_rotation_warning": "90도 이외의 각도로 회전하면 손실이 발생할 수 있습니다.",
    "axiom.window.rotate_placement.lossy_scaling_warning": "정수가 아닌 값으로 크기를 조절하면 손실이 발생할 수 있습니다.",
    "axiom.tool.shape.rotation.auto": "자동",
    "axiom.tool.shape.rotation.keep": "유지",
    "axiom.widget.presets": "사전 설정",
    "axiom.tool.shape.separate_hv": "수평/수직 분리",
    "axiom.tool.shape.shape_category": "카테고리",
    "axiom.tool.shape.shape_category.solid": "고체",
    "axiom.tool.shape.smart_surface": "스마트 표면",
    "axiom.tool.shape.smart_surface.visualize_mesh": "메쉬 시각화",
    "axiom.tool.shape.sphere": "구",
    "axiom.tool.shape.superellipse": "초타원",
    "axiom.tool.shape.supersphere": "슈퍼 구",
    "axiom.tool.shape.supersphere.exponent": "지수",
    "axiom.tool.shape.torus": "원환면",
    "axiom.tool.shape.torus.outer": "외부",
    "axiom.tool.shape.torus.ring": "링",
    "axiom.tool.shape.triangle_fan": "삼각형 팬",
    "axiom.tool.shape.triangle_strip": "삼각형 스트립",
    "axiom.tool.shape.tube": "튜브",
    "axiom.tool.shape.tube.thickness": "두께",
    "axiom.tool.shatter.axis_x": "X",
    "axiom.tool.shatter.axis_y": "Y",
    "axiom.tool.shatter.axis_z": "Z",
    "axiom.tool.shatter.use_active_block": "선택한 블록 사용",
    "axiom.tool.smooth.block_ratio": "블록 비율",
    "axiom.tool.smooth.mode_melt": "녹이기",
    "axiom.tool.smooth.mode_grow": "증강",
    "axiom.tool.smooth.mode_stable": "안정되게",
    "axiom.tool.stamp.add_blueprint": "블루프린트 추가",
    "axiom.tool.stamp.base_chance": "기본 확률",
    "axiom.tool.stamp.blueprints": "블루프린트",
    "axiom.tool.stamp.chance": "확률",
    "axiom.tool.stamp.extend_foundation_to_ground": "바닥까지 확장",
    "axiom.tool.stamp.extend_foundation_to_ground_tooltip": "블록의 하단 레이어가 고체 블록에 도달할 때까지 아래쪽으로 복제합니다.",
    "axiom.tool.stamp.min_spacing": "최소 간격",
    "axiom.tool.stamp.offset": "오프셋",
    "axiom.tool.stamp.place": "배치",
    "axiom.tool.stamp.place_deferred": "지연",
    "axiom.tool.stamp.place_immediate": "즉시",
    "axiom.tool.stamp.random_xz_flip": "랜덤 X/Z축 반전",
    "axiom.tool.stamp.random_yaw": "랜덤 요(Yaw)",
    "axiom.tool.text.direction": "방향",
    "axiom.tool.text.font": "폰트",
    "axiom.tool.text.rasterization": "래스터화",
    "axiom.tool.text.select_font": "폰트 선택",
    "axiom.tool.text.text_size": "크기",
    "axiom.tool.text.use_builtin_font": "내장된 글꼴 사용",
    "axiom.tool.text.use_full_blocks": "전체 블록 사용",
    "axiom.tutorial.active_block": "일부 도구는 칠하거나 배치할 블록이 필요합니다. 아이콘을 클릭하여 블록을 전환할 수 있습니다.",
    "axiom.tutorial.box_select_tool1": "이것은 사각형 선택 도구입니다.\n두 점 사이의 블록을 선택합니다.",
    "axiom.tutorial.clentaminator_tool": "이것은 자연 생성 도구입니다.\n지형 및 장식 사전 설정을 칠할 수 있습니다.\n영역을 매우 빠르게 스타일화 해야 할 때 유용하게 사용할 수 있습니다.",
    "axiom.tutorial.clipboard": "여기는 클립보드입니다! 선택 영역이 있는 경우 Ctrl+C 버튼을 눌러 블록을 이곳으로 복사할 수 있습니다. 그런 다음 Ctrl+V 버튼을 누르면 붙여 넣을 수 있습니다.",
    "axiom.tutorial.continue": "계속",
    "axiom.tutorial.magic_select_tool": "이것은 자동 선택 도구입니다.\n같은 유형의 인접한 블록들을 선택할 수 있습니다.",
    "axiom.tutorial.main_window": "여기는 기본 화면입니다.\n카메라를 회전하려면 %s을(를) 누르세요.\n도구를 사용하려면 %s을(를) 누르세요.\n아크볼 카메라를 사용하려면 %s을(를) 누르세요.\n마우스 휠을 사용하면 앞뒤로 빠르게 이동할 수 있습니다.",
    "axiom.tutorial.sculpt_draw_tool": "이것은 조각 그리기 도구입니다.\n기준점으로 정한 표면 블록을 당기면 지형을 조각할 수 있게 됩니다.",
    "axiom.tutorial.slope_tool1": "이것은 경사 도구입니다.\n두 지점 사이의 지형을 경사지게 만들 수 있습니다.",
    "axiom.tutorial.slope_tool2": "도구를 사용하려면 한 번 클릭하여 목표 위치를 설정합니다. 그런 다음 마우스를 다른 위치로 이동하고 클릭+드래그하면 두 점 사이에 경사를 그릴 수 있습니다.",
    "axiom.tutorial.tool_options": "여기에서 선택한 도구의 설정을 확인할 수 있습니다.",
    "axiom.tutorial.tools_window": "여기는 도구 목록입니다. 여기에서 색칠, 테라포밍, 선택 영역 등을 위한 도구를 선택할 수 있습니다.",
    "axiom.widget.add_blueprint_tag": "태그 추가",
    "axiom.widget.any_block_property": "모든",
    "axiom.widget.block_tags": "태그",
    "axiom.widget.blueprint_tags": "태그",
    "axiom.widget.cancel": "취소",
    "axiom.widget.clear": "지우기",
    "axiom.widget.create_blueprint_tag": "태그 생성",
    "axiom.widget.ctrl_click_hint": "Ctrl+왼쪽 마우스 버튼을 눌러 값을 지정합니다.",
    "axiom.widget.error": "오류",
    "axiom.widget.error_biome_registry": "바이옴 레지스트리가 존재하지 않습니다!",
    "axiom.widget.false_block_property": "X",
    "axiom.widget.true_block_property": "O",
    "axiom.widget.from_block": "설치된 블록",
    "axiom.widget.ok": "OK",
    "axiom.widget.options": "옵션",
    "axiom.widget.rename": "이름 바꾸기",
    "axiom.widget.search_block": "검색",
    "axiom.widget.select_block": "블록 선택",
    "axiom.widget.to_block": "바꿀 블록",
    "axiom.widget.use_blueprint_tag": "태그 사용",
    "axiom.window.autoshade.ambient_occlusion": "앰비언트 오클루전",
    "axiom.window.autoshade.ambient_occlusion_shading": "앰비언트 오클루전 셰이딩",
    "axiom.window.autoshade.dither": "디더링",
    "axiom.window.autoshade.global_illumination": "글로벌 일루미네이션",
    "axiom.window.autoshade.palette_full_cube": "풀 큐브(Full Cube)",
    "axiom.window.autoshade.palette_no_glazed_terracotta": "유광 테라코타 없음",
    "axiom.window.autoshade.palette_no_ores": "광석 없음",
    "axiom.window.autoshade.palette_no_tile_entities": "타일 개체 없음",
    "axiom.window.autoshade.palette_opaque": "불투명도",
    "axiom.window.autoshade.palette_options": "팔레트 옵션",
    "axiom.window.autoshade.palette_same_texture": "같은 텍스쳐",
    "axiom.window.autoshade.palette_solid": "고체",
    "axiom.window.autoshade.palette_type.automatic": "오토매틱",
    "axiom.window.autoshade.palette_type.custom": "사용자 정의",
    "axiom.window.autoshade.sun": "태양",
    "axiom.window.autoshade.sun_pitch": "태양 피치(Pitch)",
    "axiom.window.autoshade.sun_shading": "태양 셰이딩",
    "axiom.window.autoshade.sun_yaw": "태양 요(Yaw)",
    "axiom.window.autoshade.use_player_position": "플레이어 위치 사용",
    "axiom.window.rotate_placement.algorithm": "알고리즘",
    "axiom.window.rotate_placement.nearest_neighbor": "최근접 이웃 (빠르게)",
    "axiom.window.rotate_placement.rotsprite": "랏스프라이트(RotSprite) (품질)",
    "gamerule.axiomDoBlockDrops": "(Axiom) 블록 떨굼",
    "gamerule.axiomDoBlockGravity": "(Axiom) 블록 중력",
    "gamerule.axiomDoTrampleFarmland": "(Axiom) 경작지 짓밟기",
    "gamerule.axiomPlayerInvulnerability": "(Axiom) 플레이어 무적"
}
