{
    "axiom.editorui.window.clipboard.copy_hint": "%s 將所選內容複製到剪貼板",
    "axiom.tool.rock.smoothing_stddev.description": "0 = 沒有平滑\n2 = 普通平滑 (約4個方塊)\n5 =很強的平滑 (約10個方塊)",
    "axiom.editorui.window.tool_masks.mask_above": "方塊上",
    "axiom.editorui.window.active_block": "選擇的方塊",
    "axiom.editorui.window.blueprint_browser.add_folder": "添加文件夾",
    "axiom.editorui.window.fill.all": "全部",
    "axiom.editorui.window.palette.add_new_block": "新增方塊",
    "axiom.editorui.window.palette.add_new_category": "新增分類",
    "axiom.editorui.window.palette.after": "在 %s 之後",
    "axiom.editorui.window.tool_masks.mask_all": "所有",
    "axiom.keymod.alt": "Alt",
    "axiom.tool.generic.advanced_options": "進階選項",
    "axiom.widget.add_blueprint_tag": "添加標籤",
    "axiom.editorui.window.palette.add_block_to": "將方塊添加到 %s",
    "axiom.editorui.window.create_shape.advanced": "進階選項",
    "axiom.tool.clentaminator.allow_tall_grass": "容許芒草 (兩格高的草)",
    "axiom.tool.noise_painter.3d_mode": "3D 模式",
    "axiom.tool.shatter.axis_3d": "3D",
    "axiom.tool.roughen.mode_add": "添加",
    "axiom.tool.selection.add": "添加至選取區",
    "axiom.tool.ruler.add_point": "添加點",
    "gamerule.axiomDoBlockDrops": "(Axiom) 允許方塊掉落",
    "gamerule.axiomDoBlockGravity": "(Axiom) 方塊重力有效",
    "gamerule.axiomDoTrampleFarmland": "(Axiom) 踩壞耕地",
    "gamerule.axiomPlayerInvulnerability": "(Axiom) 玩家無敵",
    "axiom.editorui.window.analyze": "分析選擇",
    "axiom.editorui.window.analyze.do_analyze": "開始分析",
    "axiom.editorui.window.create_blueprint.angle": "角度",
    "axiom.editorui.mainmenu.operations.analyze": "分析選擇",
    "axiom.editorui.window.active_block.edit_properties_below": "*編輯以下屬性",
    "axiom.editorui.window.world_properties.block_drops": "方塊掉落",
    "axiom.editorui.window.tool_masks.mask_angle": "角度",
    "axiom.tool.magic_select.compare_any": "任意",
    "axiom.editorui.window.tool_masks.mask_any": "任何一個",
    "axiom.widget.any_block_property": "任意",
    "axiom.editorui.window.blueprint_browser.automatically_refresh": "自動刷新",
    "axiom.keybinds.arcball_camera": "環繞視角模式",
    "axiom.editorui.window.palette.are_you_sure_delete": "你確定要刪除 '%s' 嗎？",
    "axiom.editorui.window.blueprint_browser.sort_by.ascending": "升序",
    "axiom.editorui.window.create_blueprint.author": "作者",
    "axiom.tool.rock.preview_disabled": "半徑大於 %s 時自動禁用",
    "axiom.keybind": "Axiom",
    "axiom.keybind_capabilities": "Axiom (功能)",
    "axiom.editorui.mainmenu.create.cone": "錐體...",
    "axiom.buildertool.confirm": "確認",
    "axiom.editorui.mainmenu.edit.copy": "複製",
    "axiom.buildertool.clone": "克隆工具",
    "axiom.capability.bulldozer.title": "推土機",
    "axiom.capability.force_place.description": "繞過方塊放置限制",
    "axiom.buildertool.cancel": "取消",
    "axiom.editorui.mainmenu.select.clear": "清除",
    "axiom.editorui.mainmenu.toolmasks.clear": "清除遮罩",
    "axiom.editorui.window.analyze.clear_information": "清除",
    "axiom.editorui.window.blueprint_browser.close": "關閉",
    "axiom.editorui.window.analyze.block_count": "數量",
    "axiom.editorui.window.analyze.block_type": "方塊",
    "axiom.editorui.window.blueprint_browser": "藍圖瀏覽器",
    "axiom.tool.magic_select.compare_mode": "選取規則",
    "axiom.tool.magic_select.compare_block": "方塊",
    "axiom.tool.noise_painter.block_mode_count": "方塊數量",
    "axiom.tool.magic_select.compare_blockstate": "方塊狀態",
    "axiom.tool.noise_painter.blocks": "方塊",
    "axiom.tool.shatter.axis": "軸",
    "axiom.editorui.mainmenu.select.bounding_box": "邊界框",
    "axiom.editorui.window.blueprint_browser.confirm": "確認",
    "axiom.editorui.window.clipboard.clear": "清除",
    "axiom.editorui.window.clipboard": "剪貼簿",
    "axiom.editorui.window.create_shape.cone": "錐體",
    "axiom.editorui.window.create_shape.copied": "複製完成！",
    "axiom.editorui.window.create_shape.copy_to_clipboard": "複製到剪貼簿",
    "axiom.editorui.window.blueprint_browser.sort_by.block_count": "方塊數量",
    "axiom.editorui.window.create_blueprint.bp_filter_description": "藍圖文件",
    "axiom.editorui.window.palette.before": "在 %s 之前",
    "axiom.editorui.window.fill.bottom": "底部",
    "axiom.history_description.cloned": "克隆了%s 個方塊",
    "axiom.editorui.window.tool_masks.mask_below": "下方",
    "axiom.history_description.biome_painted": "已更改了 %s 個方塊的生態域",
    "axiom.editorui.window.tool_masks.mask_block": "方塊",
    "axiom.editorui.window.world_properties.block_gravity": "方塊重力",
    "axiom.editorui.window.world_properties.blocks": "方塊",
    "axiom.keybind_categories.basic": "基本",
    "axiom.keybind.builder_tool_slot": "建築工具欄",
    "axiom.tool.clentaminator": "環境改造刷",
    "axiom.keymod.mac_cmd": "Cmd",
    "axiom.keybinds.copy": "複製",
    "axiom.tool.biome_painter": "生態域繪製工具",
    "axiom.tool.box_select": "框選工具",
    "axiom.tool.clentaminator.clear": "清除裝飾物",
    "axiom.tool.generic.brush": "筆刷",
    "axiom.tool.ruler.bounding_size": "邊界尺寸 = %s, %s, %s",
    "axiom.tool.slope.tutorial1": "點擊一次以設置目標位置",
    "axiom.tool.slope.mode_cone": "錐體",
    "axiom.widget.confirm": "確認",
    "axiom.tutorial.history": "Axiom 會追蹤區塊變更，因此您可以進行撤消和重做，此視窗顯示這些變更。（提示：左鍵點擊可倒退歷史，右鍵點擊查看變更。）",
    "axiom.widget.error_biome_registry": "生態系註冊表不存在！",
    "axiom.tool.smooth.block_ratio": "方塊比例",
    "axiom.widget.cancel": "取消",
    "axiom.editorui.crosshair": "準心移動視角",
    "axiom.editorui.mainmenu.create.cuboid": "長方體...",
    "axiom.editorui.mainmenu.edit.cut": "剪下",
    "axiom.editorui.mainmenu.create.cylinder": "圓柱體...",
    "axiom.tool.noise_painter.cumulative_distribution": "累計分佈",
    "axiom.editorui.mainmenu.create": "創建",
    "axiom.editorui.window.blueprint_browser.delete": "刪除",
    "axiom.editorui.window.create_blueprint": "創建藍圖",
    "axiom.editorui.window.create_shape": "創建形狀選單",
    "axiom.editorui.window.create_shape.cuboid": "長方體",
    "axiom.editorui.window.create_shape.cylinder": "圓柱體",
    "axiom.editorui.window.blueprint_browser.sort_by.descending": "降序",
    "axiom.editorui.window.palette.custom": "自訂",
    "axiom.editorui.window.palette.delete": "刪除 %s",
    "axiom.history_description.cut": "剪下了 %s 個方塊",
    "axiom.editorui.window.world_properties.day": "白天",
    "axiom.history_description.deleted": "刪除了 %s 個方塊",
    "axiom.history_description.deselected": "取消選取了 %s 個方塊",
    "axiom.history_description.deselected_all": "已對所有方塊取消選取",
    "axiom.keymod.ctrl": "Ctrl",
    "axiom.keybinds.cut": "剪下",
    "axiom.tool.clentaminator.decorations": "環境裝飾物",
    "axiom.tool.shape.cube": "立方體",
    "axiom.tool.sculpt_draw.denoise": "降低雜訊",
    "axiom.widget.create_blueprint_tag": "創建標籤",
    "axiom.widget.delete": "刪除",
    "axiom.editorui.window.blueprint_browser.overflow_files_message": "偵測到大量文件被更改",
    "axiom.editorui.mainmenu.operations.fill_category": "填充",
    "axiom.editorui.mainmenu.operations.fill_bottom_description": "用方塊填選區的底部邊緣",
    "axiom.editorui.mainmenu.operations.drain": "清除液體",
    "axiom.editorui.mainmenu.edit": "編輯",
    "axiom.capability.airplane.title": "增強型飛行",
    "axiom.editorui.mainmenu.operations.fill": "填充...",
    "axiom.buildertool.first_point": "第一點",
    "axiom.editorui.mainmenu.select.distort": "扭曲...",
    "axiom.editorui.mainmenu.toolmasks.edit": "編輯",
    "axiom.editorui.mainmenu.select.expand": "擴展...",
    "axiom.editorui.mainmenu.operations.fill_bottom": "填充底部...",
    "axiom.editorui.mainmenu.operations.fill_nearest": "填最近",
    "axiom.editorui.mainmenu.operations.fill_top": "填頂部...",
    "axiom.editorui.mainmenu.operations.fill_walls": "填牆壁...",
    "axiom.editorui.mainmenu.operations.fill_outline_description": "用方塊填選區的所有邊緣",
    "axiom.editorui.mainmenu.operations.fill_walls_description": "用方塊填選區的水平邊緣",
    "axiom.editorui.mainmenu.operations.fill_description": "用方塊填選區",
    "axiom.editorui.mainmenu.operations.fill_top_description": "用方塊填充選區的頂部邊緣",
    "axiom.editorui.window.analyze.block_distribution": "分布率",
    "axiom.editorui.window.fill": "填充",
    "axiom.tool.elevation": "海拔提升工具",
    "axiom.tool.extrude.mode.expand": "擴展",
    "axiom.tool.extrude": "平面堆疊工具",
    "axiom.tool.extrude.displace": "位移",
    "axiom.editorui.window.blueprint_browser.file_missing_message2": "你是透過 %s 移動/刪除它的嗎？",
    "axiom.editorui.window.blueprint_browser.edit_blueprint": "編輯藍圖",
    "axiom.editorui.window.blueprint_browser.move_file_already_exists": "目錄中已存在文件'%s'",
    "axiom.editorui.window.blueprint_browser.file_missing_message1": "文件'%s'已不存在！",
    "axiom.editorui.window.blueprint_browser.file_browser_osx": "文件管理器",
    "axiom.editorui.window.blueprint_browser.disable_auto_refresh": "關閉自動刷新",
    "axiom.editorui.window.distort_selection": "扭曲選取區域選項",
    "axiom.editorui.window.clipboard.empty": "空",
    "axiom.editorui.window.distort_selection.distance": "距離",
    "axiom.editorui.window.distort_selection.do_distort": "執行扭曲",
    "axiom.editorui.window.palette.invalid_name_duplicate": "重複的名稱： %s 已存在",
    "axiom.editorui.window.expand_selection": "擴展選取區",
    "axiom.editorui.window.expand_selection.do_expand": "擴大",
    "axiom.editorui.window.expand_selection.expand_selection_by": "設定擴展大小",
    "axiom.editorui.window.set_biome.fill_vertically": "填充所有垂直的空間",
    "axiom.editorui.window.target_info.distance": "距離：%s 個方塊",
    "axiom.editorui.window.world_properties.fire_tick": "更新火",
    "axiom.history_description.distorted": "扭曲了 %s 個方塊",
    "axiom.history_description.drew": "已繪製 %s 個方塊",
    "axiom.history_description.expanded": "擴展了 %s 方塊",
    "axiom.history_description.elevation_tool": "海拔提升工具標(已更改 %s 個方塊)",
    "axiom.history_description.extrude_tool": "堆疊工具 (更改了 %s 個方塊)",
    "axiom.history_description.flatten_tool": "平化工具（%s 方塊）",
    "axiom.keybind_categories.edit": "編輯",
    "axiom.tool.biome_painter.fill_vertically": "填充所有垂直的空間",
    "axiom.keybinds.quick_fill.fill_with": "選擇要填充的方塊...",
    "axiom.tool.distort.distance": "距離",
    "axiom.tool.distort.distance_x": "X軸距離",
    "axiom.tool.distort.distance_y": "Y 軸距離",
    "axiom.tool.distort.distance_z": "Z 軸距離",
    "axiom.tool.clentaminator.dirt_ground": "泥土地面",
    "axiom.tool.distort": "扭曲工具",
    "axiom.tool.distort.distortion": "變形",
    "axiom.tool.clentaminator.fertile_ocean_floor": "肥沃的海底",
    "axiom.tool.flatten": "壓平",
    "axiom.tool.slope.tutorial2": "從其他地方拖拽來繪制坡度",
    "axiom.widget.error": "錯誤",
    "axiom.widget.false_block_property": "否",
    "axiom.tool.smooth.fix_edges": "修復邊緣",
    "axiom.editorui.mainmenu.help.keybinds": "按鍵綁定",
    "axiom.editorui.mainmenu.operations": "操作",
    "axiom.capability.force_place.title": "強制放置",
    "axiom.editorui.hold_for_more_options": "按住 %s 以更多選項",
    "axiom.editorui.left_mouse_short": "左鍵",
    "axiom.capability.airplane.description": "更精確的飛行 - 沒有動量，並且朝著相機的方向移動",
    "axiom.buildertool.move": "移動",
    "axiom.capability.no_updates.title": "凍結更新",
    "axiom.capability.no_updates.description": "放置/破解時防止觸發鄰近方塊更新",
    "axiom.editorui.mainmenu.create.pyramid": "金字塔...",
    "axiom.editorui.mainmenu.edit.redo": "重做",
    "axiom.editorui.mainmenu.edit.redo_named": "重做 %s",
    "axiom.editorui.mainmenu.operations.gravity": "重力",
    "axiom.editorui.mainmenu.view.liquid_opacity": "液體不透明度",
    "axiom.editorui.middle_mouse_short": "中鍵",
    "axiom.editorui.view.main_name": "主頁",
    "axiom.editorui.mainmenu.select.mask": "遮罩...",
    "axiom.editorui.mainmenu.view.min_brightness": "最低亮度",
    "axiom.editorui.multiple_keybinds": "多個",
    "axiom.editorui.view.create_new": "新視角",
    "axiom.editorui.no_keybind": "無",
    "axiom.editorui.pin_location": "釘選位置",
    "axiom.editorui.pin_world": "釘選世界",
    "axiom.editorui.right_mouse_short": "右鍵",
    "axiom.tool.elevation.raise_lower_mode": "模式",
    "axiom.tool.extrude.mode": "模式",
    "axiom.tool.extrude.displace_shrink_description": "移動一層厚度的表面，但不刪除它",
    "axiom.tool.elevation.raise": "加高",
    "axiom.tool.extrude.displace_expand_description": "移動一層厚度的表面，但不複製它",
    "axiom.tool.elevation.lower": "降低",
    "axiom.tool.noise_painter.gain": "雜訊增益",
    "axiom.tool.rock.meld_strength.description": "工具與地面融合的強度\n受 \"平滑離散程度\"的影響",
    "axiom.tool.noise_painter.jitter": "混亂程度",
    "axiom.tool.noise_painter.lacunarity": "空隙性",
    "axiom.tool.rock.meld_strength": "融合強度",
    "axiom.tool.melt": "融化",
    "axiom.tool.noise_painter.metaball_noise": "變形球",
    "axiom.tool.noise_painter": "雜訊繪制工具",
    "axiom.tool.noise_painter.noise_preview": "雜訊預覽",
    "axiom.tool.painter": "繪製工具",
    "axiom.tool.noise_painter.probability_density": "機率密度",
    "axiom.tool.noise_painter.metaball_range": "每個球的間距",
    "axiom.capability.bulldozer.description": "按住 %s 可以快速破壞方塊",
    "axiom.editorui.mainmenu.help": "幫助",
    "axiom.editorui.view.new_view_name": "新視角",
    "axiom.tool.rock.noise_field_seed": "雜訊種子",
    "axiom.tool.noise_painter.octaves": "八音度",
    "axiom.editorui.window.blueprint_browser.move_file": "移動",
    "axiom.editorui.window.blueprint_browser.new_folder": "新文件夾",
    "axiom.editorui.window.blueprint_browser.file_missing": "沒有此類文件！",
    "axiom.editorui.window.blueprint_browser.move_file_overwrite": "覆寫",
    "axiom.editorui.window.create_shape.hollow": "空心",
    "axiom.editorui.window.clipboard.placement_options.keep_existing": "保留現有",
    "axiom.editorui.window.blueprint_browser.sort_by.name": "名稱",
    "axiom.editorui.window.create_blueprint.name": "名稱",
    "axiom.editorui.window.blueprint_browser.new_folder_i": "新文件夾 (%s)",
    "axiom.editorui.window.blueprint_browser.overflow_files": "操作失敗，藍圖文件修改過多！",
    "axiom.editorui.window.clipboard.placement_options.paste_air": "貼上空氣",
    "axiom.editorui.window.create_shape.pitch": "俯仰角",
    "axiom.editorui.window.create_shape.do_place": "放置",
    "axiom.editorui.window.clipboard.placement_options": "安置選擇",
    "axiom.editorui.window.create_shape.pyramid": "金字塔",
    "axiom.editorui.window.create_shape.radius": "半徑",
    "axiom.editorui.window.blueprint_browser.reload": "重新加載",
    "axiom.editorui.window.blueprint_browser.rename_file": "重新命名檔案",
    "axiom.editorui.window.history": "歷史",
    "axiom.editorui.window.fill.inside": "內部",
    "axiom.editorui.window.palette.invalid_name_blank": "無效名稱：不可為空",
    "axiom.editorui.window.palette.invalid_name_contains_hash": "無效名稱：不得包含'#'",
    "axiom.editorui.window.keybinds": "按鍵綁定",
    "axiom.editorui.window.mask_selection.mask": "建立遮罩",
    "axiom.editorui.window.mask_selection": "遮罩選擇",
    "axiom.editorui.window.history.no_history": "沒有歷史",
    "axiom.editorui.window.distort_selection.noise_radius": "雜訊半徑",
    "axiom.editorui.window.fill.outline": "輪廓",
    "axiom.editorui.window.palette": "色板",
    "axiom.editorui.window.palette.recently_used": "最近使用",
    "axiom.editorui.window.palette.remove_block": "移除方塊",
    "axiom.editorui.window.palette.rename": "重新命名為 %s",
    "axiom.editorui.window.replace": "替換",
    "axiom.editorui.window.replace.do_replace": "執行替換",
    "axiom.editorui.window.world_properties.freeze_time": "凍結時間",
    "axiom.editorui.window.tool_masks.mask_inselection": "在選擇中",
    "axiom.editorui.window.tool_masks.logic": "邏輯操作",
    "axiom.editorui.window.tool_masks.masks": "遮罩",
    "axiom.editorui.window.world_properties.midnight": "午夜",
    "axiom.editorui.window.tool_masks.mask_near": "附近",
    "axiom.editorui.window.tool_masks.mask_neighbor": "相鄰",
    "axiom.editorui.window.world_properties.night": "夜晚",
    "axiom.editorui.window.tool_options.no_active_tool": "沒有選擇工具",
    "axiom.editorui.window.target_info.no_target": "沒有目標",
    "axiom.editorui.window.world_properties.noon": "中午",
    "axiom.editorui.window.tool_masks.mask_not": "不是",
    "axiom.editorui.window.world_properties.player": "玩家",
    "axiom.editorui.window.world_properties.player_invulnerability": "玩家無敵",
    "axiom.editorui.window.target_info.position": "位置：%s、%s、%s",
    "axiom.editorui.window.world_properties.random_tick_speed": "隨機跳針速度",
    "axiom.history_description.melted": "融化了 %s 個方塊",
    "axiom.history_description.moved": "移動了 %s 個方塊",
    "axiom.keybind.orbit_camera": "環繞視角模式",
    "axiom.history_description.painted": "繪制了 %s 方塊",
    "axiom.history_description.placed_blueprint": "已放置 %s",
    "axiom.history_description.placed": "已放置了 %s 個方塊",
    "axiom.keybinds.flip_placement": "翻轉放置",
    "axiom.keybind_options.invert_camera_rotate": "反轉視角旋轉的方向",
    "axiom.keybinds.move_backward": "向後移動",
    "axiom.keybinds.move_down": "向下移動",
    "axiom.keybinds.move_forward": "向前移動",
    "axiom.keybinds.move_left": "向左移動",
    "axiom.keybinds.move_quick": "快速移動（衝刺）",
    "axiom.keybinds.move_right": "向右移動",
    "axiom.keybinds.move_up": "向上移動",
    "axiom.keybind_categories.movement": "移動",
    "axiom.keybind_categories.operations": "操作",
    "axiom.keybinds.pan_camera": "平移相機模式",
    "axiom.keybinds.paste": "貼上",
    "axiom.keybinds.pick_block": "選取方塊",
    "axiom.keybind_categories.placement": "安置",
    "axiom.tool.box_select.position": "位置",
    "axiom.keybinds.quick_fill": "快速填充",
    "axiom.keybinds.quick_replace": "快速替換",
    "axiom.keybinds.redo": "重做",
    "axiom.keybinds.quick_replace.replace_from": "要被替換的方塊",
    "axiom.keybinds.quick_replace.replace_to": "替換成",
    "axiom.tool.freehand_draw": "自由手繪",
    "axiom.tool.freehand_select": "自由選擇",
    "axiom.tool.clentaminator.grass": "草",
    "axiom.tool.clentaminator.grassiness": "草地密度",
    "axiom.tool.clentaminator.gravel_ground": "礫石地面",
    "axiom.tool.heightmap.height": "高度",
    "axiom.tool.distort.iterations": "迭代",
    "axiom.tool.generic.limit": "方塊數量限制",
    "axiom.tool.generic.live_preview": "即時預覽",
    "axiom.tool.flatten.lock_y": "鎖定 Y",
    "axiom.tool.flatten.locked_at": "鎖定在 %s",
    "axiom.tool.magic_select": "魔法選取工具",
    "axiom.tool.generic.mask_surface": "僅影響表面",
    "axiom.tool.generic.noise": "雜訊設定",
    "axiom.tool.generic.brush_radius": "半徑",
    "axiom.tool.generic.noise_seed_do_randomize": "產生隨機種子",
    "axiom.tool.magic_select.range": "鄰近的方塊偵測範圍",
    "axiom.tutorial.tool_options": "在這裡可以找到所選工具的設置。",
    "axiom.tool.rock.noisiness.description": "方塊受噪聲場影響的程度\n0 = 無雜訊，球形\n1 = 強雜訊，斑點",
    "axiom.tool.ruler.information": "資料",
    "axiom.tool.selection.intersect": "保留相交的選取區",
    "axiom.tool.sculpt_draw.invert": "反相",
    "axiom.tool.sculpt_draw.mask_y": "遮罩 Y 軸",
    "axiom.tool.ruler.maximum": "最大 = %s、%s、%s",
    "axiom.tool.roughen.min_faces": "最小面",
    "axiom.tool.ruler.minimum": "最小值 = %s, %s, %s",
    "axiom.tool.selection.mode": "模式",
    "axiom.tool.ruler.no_information": "無",
    "axiom.tool.rock.noise_radius": "雜訊半徑",
    "axiom.tool.rock.noisiness": "雜訊度",
    "axiom.tool.shape.octahedron": "正八面體",
    "axiom.tool.ruler.pitch": "俯仰角角度 = %s",
    "axiom.tool.ruler.point_i": "點位 %s",
    "axiom.tool.ruler.points": "點位",
    "axiom.tool.rock.noise_field_seed.hint": "隨機",
    "axiom.tool.roughen.ratio": "比例",
    "axiom.tool.roughen.mode_remove": "移除",
    "axiom.tool.ruler.remove_point_i": "移除點位 %s",
    "axiom.tool.selection.replace": "替換現有選取區",
    "axiom.widget.from_block": "從",
    "axiom.tool.smooth.mode_grow": "增",
    "axiom.tool.smooth.mode_melt": "融化",
    "axiom.tool.slope.mode": "模式",
    "axiom.tool.smooth.modifiers": "修改器",
    "axiom.widget.ok": "好的",
    "axiom.tool.slope.mode_plane": "平面",
    "axiom.widget.block_properties": "特性",
    "axiom.widget.remove_blueprint_tag": "移除",
    "axiom.widget.rename": "重新命名",
    "axiom.capability.replace_mode.title": "替換模式",
    "axiom.capability.replace_mode.description": "右鍵單擊方塊，用持有的方塊替換它們",
    "axiom.editorui.mainmenu.operations.fill_nearest_description": "將空氣方塊替換成最靠近的非空氣方塊",
    "axiom.editorui.mainmenu.operations.replace": "替換...",
    "axiom.tool.rock": "岩石工具",
    "axiom.editorui.window.create_shape.roll": "滾動",
    "axiom.editorui.window.clipboard.placement_options.rotate": "輪轉...",
    "axiom.editorui.window.create_blueprint.save": "保存",
    "axiom.history_description.rock_tool": "岩石工具 (更改了 %s 方塊)",
    "axiom.history_description.roughen_tool": "粗化工具（%s 方塊）",
    "axiom.keybinds.rotate_camera": "旋轉視角模式",
    "axiom.keybinds.rotate_placement": "輪轉安置",
    "axiom.tool.generic.reset_to_default": "重置為預設值",
    "axiom.tool.flatten.right_click_to_lock": "點擊右鍵來鎖定",
    "axiom.tool.clentaminator.sand": "沙地",
    "axiom.tool.roughen": "表面粗糙化工具",
    "axiom.tool.ruler": "尺",
    "axiom.editorui.mainmenu.edit.save_blueprint": "保存藍圖",
    "axiom.buildertool.clone.scroll": "滾動到克隆",
    "axiom.buildertool.move.scroll": "滾動以移動",
    "axiom.buildertool.smear.scroll": "滾動以塗抹",
    "axiom.buildertool.stack.scroll": "滾動到堆疊",
    "axiom.buildertool.second_point": "第二點",
    "axiom.editorui.mainmenu.select": "選擇",
    "axiom.editorui.mainmenu.operations.set_biome": "設置生態域...",
    "axiom.editorui.mainmenu.view.show_biomes": "顯示生態域",
    "axiom.editorui.mainmenu.view.show_key_presses": "顯示按下的按鍵",
    "axiom.editorui.mainmenu.view.show_selection": "顯示選擇",
    "axiom.editorui.mainmenu.select.shrink": "縮小...",
    "axiom.editorui.mainmenu.operations.simulation_category": "模擬",
    "axiom.tool.noise_painter.scale": "規模",
    "axiom.tool.noise_painter.simplex_noise": "單純形",
    "axiom.tool.shatter": "破碎工具",
    "axiom.tool.shatter.scale": "規模",
    "axiom.editorui.window.create_blueprint.save_blueprint": "保存藍圖",
    "axiom.editorui.window.create_shape.separate_xyz": "分開 XYZ",
    "axiom.editorui.window.create_shape.separate_xz": "分開 XZ",
    "axiom.editorui.window.create_shape.shape": "形狀",
    "axiom.editorui.window.set_biome": "設置生態域",
    "axiom.editorui.window.set_biome.do_set_biome": "設置生態域",
    "axiom.editorui.window.shrink_selection.do_shrink": "縮小",
    "axiom.editorui.window.shrink_selection": "縮小選擇",
    "axiom.editorui.window.world_properties.unavailable_description": "服務器不支持編輯任何世界屬性",
    "axiom.key.scroll_down": "向下滾動",
    "axiom.key.scroll_left": "向左滾動",
    "axiom.key.scroll_right": "向右滾動",
    "axiom.key.scroll_up": "向上滾動",
    "axiom.history_description.sculpt_draw_tool": "雕刻繪圖工具（%s 方塊）",
    "axiom.history_description.selected": "選擇了 %s 個方塊",
    "axiom.history_description.selected_additional": "選擇了 +%s 個方塊",
    "axiom.history_description.shatter": "破碎了 %s 個方塊",
    "axiom.history_description.shrunk": "缩小了 %s 方塊",
    "axiom.keybinds.save_blueprint": "保存藍圖",
    "axiom.keymod.shift": "Shift",
    "axiom.keybinds.show_biomes": "顯示生態域",
    "axiom.keybinds.show_selection": "顯示選擇",
    "axiom.tool.box_select.shrink": "縮小",
    "axiom.tool.box_select.shrink_description": "縮小選區以適應非空氣方塊",
    "axiom.tool.box_select.size": "尺寸",
    "axiom.tool.distort.scale": "規模",
    "axiom.tool.generic.noise_seed": "種子",
    "axiom.tool.distort.separate_axis": "個別設定每個軸",
    "axiom.tool.generic.brush_shape": "形狀",
    "axiom.tool.heightmap.sharpness": "銳度",
    "axiom.tool.extrude.mode.shrink": "削去",
    "axiom.tool.sculpt_draw": "雕塑繪制",
    "axiom.tool.selection": "選擇",
    "axiom.widget.search_block": "搜索",
    "axiom.widget.select_block": "選擇方塊",
    "axiom.tool.text.text_size": "尺寸",
    "axiom.buildertool.smear": "塗抹",
    "axiom.tool.slope": "坡度",
    "axiom.history_description.slope_tool": "斜坡工具 (%s 个方塊)",
    "axiom.editorui.window.keybinds.unbind": "解除綁定",
    "axiom.editorui.mainmenu.create.sphere": "球體...",
    "axiom.buildertool.stack": "堆疊",
    "axiom.capability.tinker.title": "丁克",
    "axiom.editorui.mainmenu.edit.undo": "撤銷",
    "axiom.editorui.mainmenu.edit.undo_named": "撤銷 %s",
    "axiom.capability.tinker.description": "用右鍵點選時的各種有用的互動",
    "axiom.editorui.mainmenu.select.smooth": "平滑化...",
    "axiom.editorui.mainmenu.operations.fill_outline": "填邊框...",
    "axiom.editorui.mainmenu.toolmasks": "遮罩工具",
    "axiom.editorui.mainmenu.view": "顯示",
    "axiom.editorui.spectators_generate_chunks_warning": "警告：遊戲規則 spectatorsGenerateChunks 值為 false，這將導致編輯器使用者介面出現重大問題。請將該遊戲規則設定為 true",
    "axiom.editorui.mainmenu.operations.waterlog": "浸水",
    "axiom.editorui.mainmenu.window": "視窗",
    "axiom.editorui.mainmenu.window.windows": "視窗",
    "axiom.editorui.window.block_distribution_total": "總數",
    "axiom.tool.noise_painter.voronoi_edges": "沃羅諾伊邊緣",
    "axiom.tool.magic_select.compare_solid": "固體",
    "axiom.tool.noise_painter.block_mode_threshold": "閾值",
    "axiom.tool.noise_painter.white_noise": "白噪音",
    "axiom.tool.noise_painter.worley_noise": "Worley",
    "axiom.tool.shatter.axis_x": "X",
    "axiom.editorui.window.blueprint_browser.file_browser_win": "Windows 資源管理器",
    "axiom.editorui.window.blueprint_browser.sort_by": "排序方式",
    "axiom.editorui.window.create_shape.sphere": "球體",
    "axiom.editorui.window.blueprint_browser.unnamed_blueprint": "未命名",
    "axiom.editorui.window.create_shape.width": "寬度",
    "axiom.editorui.window.smooth_selection.do_smooth": "平滑",
    "axiom.editorui.window.smooth_selection": "平滑選取區",
    "axiom.editorui.window.smooth_selection.stddev": "離散程度",
    "axiom.editorui.window.keybinds.conflicts_with": "該綁定與以下內容衝突：",
    "axiom.editorui.window.palette.cannot_be_undone": "此操作無法撤銷",
    "axiom.editorui.window.palette.child_of": "位於 %s 的子級",
    "axiom.editorui.window.fill.walls": "牆壁",
    "axiom.editorui.window.target_info": "目標資料",
    "axiom.editorui.window.target_info.targeted_biome": "目標生態域：%s",
    "axiom.editorui.window.target_info.targeted_block": "目標方塊：%s",
    "axiom.editorui.window.world_properties.mob_spawning": "怪物生成",
    "axiom.editorui.window.smooth_selection.threshold": "閾值",
    "axiom.editorui.window.world_properties.time": "時間",
    "axiom.editorui.window.tool_masks": "遮罩工具",
    "axiom.editorui.window.tool_options": "工具選項",
    "axiom.editorui.window.tools": "工具",
    "axiom.editorui.window.world_properties.trample_farmland": "允許藉由踩踏破壞耕地",
    "axiom.editorui.window.world_properties.unavailable": "不可用",
    "axiom.editorui.window.world_properties": "世界屬性",
    "axiom.editorui.window.tool_masks.mask_y": "Y",
    "axiom.history_description.smoothed": "平滑了 %s 個方塊",
    "axiom.history_description.stacked": "堆疊了 %s 個方塊",
    "axiom.history_description.text_tool": "文字工具（%s 個方塊）",
    "axiom.keybind.context": "內容選單",
    "axiom.keybind.toggle_bulldozer_cap": "切換推土機",
    "axiom.keybind.toggle_editor_ui": "切換編輯器使用者介面",
    "axiom.keybind.toggle_enhanced_flight_cap": "切換增強飛行",
    "axiom.keybind.toggle_force_place_cap": "切換刪除方塊放置限制",
    "axiom.keybind.toggle_no_updates_cap": "切換方塊不更新",
    "axiom.keybind.toggle_replace_mode_cap": "切換更換模式",
    "axiom.keybind.toggle_tinker_cap": "切換丁克",
    "axiom.history_description.welded": "焊接了%s個方塊",
    "axiom.keymod.super": "Super",
    "axiom.keybinds.undo": "撤銷",
    "axiom.keybinds.use_tool": "使用工具",
    "axiom.keybind_categories.view": "顯示",
    "axiom.tool.biome_painter.visualize_biomes": "顯示生態域",
    "axiom.keymod.win_super": "Win",
    "axiom.tool.distort.smooth_edges": "平滑邊緣",
    "axiom.tool.generic.smoothing_options": "平滑化",
    "axiom.tool.clentaminator.stone": "石",
    "axiom.tool.generic.surface_only": "僅限表面",
    "axiom.tool.clentaminator.terrain": "地形",
    "axiom.tool.flatten.unlock_y": "解鎖Y",
    "axiom.tool.rock.smoothing_stddev": "平滑離散程度",
    "axiom.tool.shape.sphere": "球體",
    "axiom.tool.sculpt_draw.strength": "強度",
    "axiom.tool.selection.subtract": "剪去相交的選取區",
    "axiom.tool.ruler.total_length_euclidean": "總長度（歐幾裡得）=   %s",
    "axiom.tool.ruler.total_length_manhattan": "總長度（曼哈頓）=   %s",
    "axiom.tool.smooth": "平滑化工具",
    "axiom.tutorial.active_block": "有些工具需要一個方塊來繪制或放置。您可以點擊方塊圖標來切換方塊",
    "axiom.tool.smooth.mode_stable": "固定",
    "axiom.tool.smooth.strength": "強度",
    "axiom.tool.weld.strength": "強度",
    "axiom.widget.block_tags": "標籤",
    "axiom.widget.blueprint_tags": "標籤",
    "axiom.tool.text": "文字工具",
    "axiom.tool.text.text_input": "文字",
    "axiom.tutorial.tools_window": "這是工具視窗。在這裡您可以選擇繪畫、地形塑造、選取區域等工具",
    "axiom.tutorial.main_window": "這是主視區。\n按 %s 旋轉相機。\n按 %s 使用工具。\n按 %s 使用圓弧軌道相機。\n滾動滑鼠以快速移動/遠離一個點",
    "axiom.tool.weld.threshold": "閾值",
    "axiom.widget.to_block": "去",
    "axiom.tool.shatter.use_active_block": "使用目前選擇的方塊填充",
    "axiom.tool.weld": "焊接",
    "axiom.tool.shatter.width": "寬度",
    "axiom.widget.true_block_property": "是",
    "axiom.widget.use_blueprint_tag": "使用標籤",
    "axiom.tool.shatter.axis_y": "Y",
    "axiom.editorui.window.blueprint_browser.file_browser_other": "您的系統文件瀏覽器",
    "axiom.editorui.window.create_shape.yaw": "偏離角",
    "axiom.editorui.window.palette.this_will_delete_children": "這將同時刪除所有%s的子元素",
    "axiom.editorui.window.fill.top": "頂部",
    "axiom.history_description.set_n_blocks_to": "將 %s 方塊設置為 %s",
    "axiom.history_description.smeared": "塗抹了 %s 個方塊",
    "axiom.keybind_options.use_vanilla_movement": "使用原版移動方式",
    "axiom.tool.ruler.yaw": "偏離角 = %s",
    "axiom.tool.shatter.axis_z": "Z",
    "axiom.editorui.window.clipboard.n_blocks": "%s 個方塊",
    "axiom.editorui.window.debug_info": "除錯訊息",
    "axiom.editorui.mainmenu.help.debug_info": "除錯訊息",
    "axiom.history_description.drained_n": "清除了 %s 個流體方塊",
    "axiom.editorui.window.fill.do_fill": "執行填充",
    "axiom.editorui.window.create_shape.height": "高度",
    "axiom.editorui.mainmenu.help.reset_tutorial": "重置教學進度",
    "axiom.history_description.waterlogged_n": "已將 %s 個方塊設為含水的",
    "axiom.editorui.window.keybinds.load_axiom_defaults": "Axiom 預設設定",
    "axiom.editorui.window.style_editor.base_style": "基本樣式",
    "axiom.editorui.window.style_editor.border_color": "邊框",
    "axiom.editorui.window.style_editor.borders_category": "邊框",
    "axiom.editorui.window.style_editor.button": "按鈕",
    "axiom.editorui.window.style_editor.button_active": "按鈕(已啟用)",
    "axiom.editorui.window.style_editor.button_hovered": "按鈕 (滑鼠懸停在上面時)",
    "axiom.editorui.window.style_editor.color": "顏色",
    "axiom.tutorial.continue": "繼續",
    "axiom.editorui.window.style_editor.copied": "已複製！",
    "axiom.keybinds.crosshair_camera": "準心",
    "axiom.editorui.window.style_editor.custom_theme": "自訂主題",
    "axiom.tutorial.selection2": "%s 可用於填充選區內的方塊\n%s 用於替換方塊\n%s/%s 用於複製/剪下/刪除",
    "axiom.editorui.window.keybinds.load_blender_defaults": "像是 Blender",
    "axiom.editorui.window.style_editor.child_borders": "子邊框",
    "axiom.editorui.window.style_editor.disabled_text": "已關閉的選項的文字",
    "axiom.editorui.window.style_editor.checkmark": "打勾選擇方格",
    "axiom.editorui.window.style_editor.child_rounding": "子元素圓角",
    "axiom.editorui.window.style_editor.export_to_clipboard": "導出至剪貼簿",
    "axiom.history_description.fill_nearest": "鄰近填充 (修改了 %s 個方塊)",
    "axiom.buildertool.clone.finish": "完成",
    "axiom.editorui.window.style_editor.frame_category": "框架",
    "axiom.editorui.window.style_editor.frame_background": "框架背景",
    "axiom.editorui.window.style_editor.frame_background_active": "框架背景 (已啟用狀態)",
    "axiom.editorui.window.style_editor.frame_background_hovered": "框架背景 (滑鼠懸停在上面時)",
    "axiom.editorui.window.style_editor.frame_borders": "框架邊框",
    "axiom.editorui.window.style_editor.frame_rounding": "框架圓角",
    "axiom.editorui.window.style_editor.header": "標題欄",
    "axiom.editorui.window.style_editor.header_active": "題欄 (已啟用狀態)",
    "axiom.editorui.window.style_editor.header_hovered": "標題欄 (已啟用狀態)",
    "axiom.editorui.styles.imgui_dark": "ImGui 深色主題",
    "axiom.editorui.styles.imgui_light": "ImGui 明亮主題",
    "axiom.editorui.window.style_editor.import_from_clipboard": "從剪貼板導入",
    "axiom.capability.infinite_reach.title": "無限手臂長度延伸",
    "axiom.editorui.window.keybinds.load_default": "讀取預設...",
    "axiom.editorui.window.style_editor.menu_bar_background": "選單欄背景",
    "axiom.editorui.window.style_editor.other_category": "其他",
    "axiom.editorui.window.style_editor.popup_background": "彈出窗口背景",
    "axiom.editorui.window.style_editor.popup_borders": "彈出窗口邊框",
    "axiom.editorui.window.style_editor.popup_rounding": "彈出窗口圓角",
    "axiom.capability.infinite_reach.description": "移除範圍限制",
    "axiom.editorui.window.style_editor.reset": "重置",
    "axiom.editorui.window.style_editor.resize_grip": "調整視窗大小按鈕",
    "axiom.editorui.window.style_editor.resize_grip_active": "調整視窗大小按鈕 (按住時)",
    "axiom.editorui.window.style_editor.resize_grip_hovered": "調整視窗大小按鈕 (滑鼠懸停在上面時)",
    "axiom.editorui.window.style_editor.revert": "還原",
    "axiom.editorui.window.style_editor.window_category": "視窗",
    "axiom.editorui.window.style_editor.window_background": "視窗背景",
    "axiom.editorui.window.style_editor.window_borders": "視窗邊框",
    "axiom.editorui.window.style_editor.window_rounding": "視窗圓角",
    "axiom.editorui.window.style_editor.scrollbar_category": "滾動條",
    "axiom.editorui.window.style_editor.scrollbar_background": "滾動條背景",
    "axiom.editorui.window.style_editor.scrollbar_grab": "滾動條拖動滑塊",
    "axiom.editorui.window.style_editor.scrollbar_grab_active": "滾動條拖動滑塊 (按住時)",
    "axiom.editorui.window.style_editor.scrollbar_grab_hovered": "滾動條拖動滑塊 (滑鼠懸停在上面時)",
    "axiom.editorui.window.style_editor.scrollbar_rounding": "滾動條圓角",
    "axiom.editorui.window.style_editor.separator": "分隔線",
    "axiom.editorui.window.style_editor.separator_active": "分隔線 (按住時)",
    "axiom.editorui.window.style_editor.separator_hovered": "分隔線 (滑鼠懸停在上面時)",
    "axiom.editorui.window.shrink_selection.shrink_selection_by": "欲縮小的大小",
    "axiom.editorui.window.style_editor.sizes": "尺寸",
    "axiom.editorui.window.style_editor.slider_grab": "滑桿的滑塊",
    "axiom.editorui.window.style_editor.slider_grab_active": "滑桿的滑塊 (按下時)",
    "axiom.editorui.window.style_editor.slider_grab_rounding": "滑桿的滑塊圓角",
    "axiom.editorui.window.style_editor": "樣式編輯器",
    "axiom.editorui.window.style_editor.tab": "標籤頁",
    "axiom.editorui.window.style_editor.tab_active": "標籤頁 (被選擇時)",
    "axiom.editorui.window.style_editor.tab_hovered": "標籤頁 (滑鼠懸停在上面時)",
    "axiom.editorui.window.style_editor.tab_borders": "標籤頁邊框",
    "axiom.editorui.window.style_editor.tab_rounding": "標籤頁圓角",
    "axiom.editorui.window.style_editor.rounding_category": "圓角",
    "axiom.editorui.mainmenu.help.style_editor": "樣式編輯器...",
    "axiom.editorui.window.style_editor.table_border_light": "表格的邊框 (表格中的分隔線)",
    "axiom.editorui.window.style_editor.table_border_strong": "表格邊框 (四周的框線)",
    "axiom.editorui.window.style_editor.text": "文字",
    "axiom.editorui.window.style_editor.text_category": "文字",
    "axiom.editorui.window.style_editor.theme_name": "主題名稱",
    "axiom.editorui.window.style_editor.theme_parameters": "主題屬性",
    "axiom.tutorial.selection1": "這是一個選取區。\n選取區可以讓您將一些工具或操作應用於世界的特定區域。\n要清除許選取區，按 Enter",
    "axiom.tutorial.box_select_tool1": "這是長方體選取工具。\n他會選取兩點之間的方塊。",
    "axiom.tutorial.magic_select_tool": "這是魔法選取工具。\n它會選取相鄰且相同的方塊",
    "axiom.tutorial.sculpt_draw_tool": "這是雕刻工具。\n可以根據表面法線拉動方塊、雕刻地形。",
    "axiom.tutorial.slope_tool1": "這是坡度工具。\n它可以讓你設定兩點之間的地形坡度",
    "axiom.editorui.window.style_editor.title_background": "標題背景",
    "axiom.editorui.window.style_editor.title_background_active": "標題背景 (被選取時)",
    "axiom.editorui.window.style_editor.title_background_collapsed": "標題背景 (被最小化時)",
    "axiom.tutorial.box_select_tool2": "要開始使用工具，右鍵點擊一個點，拖動滑鼠到另一個點並放開。\n之後，你可以使用小工具進行調整。\n要確認選取，按 Enter",
    "axiom.tutorial.slope_tool2": "要使用這個工具，須點擊一次以設定目標位置。然後，將滑鼠移動到不同的位置，點擊並拖動以在兩個點之間繪製斜坡。",
    "axiom.editorui.mainmenu.view.ui_scale": "使用者介面縮放大小",
    "axiom.editorui.window.style_editor.unfocused_tab": "未選取的標籤頁",
    "axiom.editorui.window.style_editor.unfocused_tab_active": "未選取的標籤頁 (活躍中)",
    "axiom.editorui.window.style_editor.widget_category": "部件",
    "axiom.tutorial.clentaminator_tool": "這是環境改造刷。\n你可以用它來修飾地形的材質並加上表面裝飾。\n這在需要快速地修改地貌風格時很好用",
    "axiom.editorui.window.style_editor.docking_empty_background": "停靠時的空白背景",
    "axiom.editorui.window.style_editor.docking_preview": "停靠的預覽",
    "axiom.editorui.window.style_editor.drag_drop_target": "拖放目標區域",
    "axiom.toasts.disabled": "'%s' 已被關閉",
    "axiom.toasts.enabled": "'%s' 已被開啟",
    "axiom.buildertool.scroll_extend": "點擊以延伸",
    "axiom.tool.clentaminator.crop_type": "作物類別",
    "axiom.buildertool.erase.delete": "刪除",
    "axiom.tool.clentaminator.crops": "農作物",
    "axiom.editorui.window.tool_masks.mode_dest": "僅限目標",
    "axiom.editorui.mainmenu.help.discord_server": "Discord 群組...",
    "axiom.editorui.mainmenu.help.documentation": "文檔...",
    "axiom.editorui.window.palette.custom_empty": "空（右鍵添加）",
    "axiom.tool.gradient_painter.gradient_interpolation_bezier": "貝塞爾曲線",
    "axiom.buildertool.erase": "擦除工具",
    "axiom.buildertool.erase.erase_box": "擦除邊框",
    "axiom.buildertool.erase.erase_connected": "擦除已連接",
    "axiom.capability.fast_place.title": "快速放置",
    "axiom.tool.clentaminator.farmland": "耕地",
    "axiom.history_description.floodfilled": "填充了 %s 個方塊",
    "axiom.tool.gradient_painter": "漸變繪制工具",
    "axiom.contextmenu.flight_momentum": "飛行動量: %s%%",
    "axiom.contextmenu.infinite_reach_limit": "可觸及範圍限制到: %s 個方塊",
    "axiom.contextmenu.infinite_reach_limit_none": "可觸及範圍為無限制",
    "axiom.tool.clentaminator.fully_grown": "完全成熟",
    "axiom.tool.clentaminator.grass_block": "草",
    "axiom.tool.floodfill": "液體填充工具",
    "axiom.tool.gradient_painter.gradient": "漸變",
    "axiom.tool.gradient_painter.gradient_interpolation": "函數插值法",
    "axiom.tool.gradient_painter.gradient_interpolation_linear": "線性",
    "axiom.contextmenu.liquid_opacity": "液體不透明度: %s%%",
    "axiom.contextmenu.min_brightness": "最低亮度: %s%%",
    "axiom.editorui.window.tool_masks.mode": "模式",
    "axiom.history_description.modified": "已修改 %s 個方塊",
    "axiom.tool.clentaminator.moist_farmland": "浸濕的耕地",
    "axiom.tool.gradient_painter.gradient_interpolation_nearest": "最近的",
    "axiom.capability.fast_place.description": "在受控制的情況下快速放置方塊",
    "axiom.editorui.window.tool_masks.mode_source": "僅源",
    "axiom.tool.gradient_painter.gradient_shape_plane": "平面",
    "axiom.tool.gradient_painter.gradient_shape": "形狀",
    "axiom.editorui.window.tool_masks.mode_source_and_dest": "源和目標",
    "axiom.tool.noise_painter.splatter_noise": "飛濺",
    "axiom.tool.gradient_painter.gradient_shape_sphere": "球體",
    "axiom.tool.clentaminator.tall_grass_block": "高草",
    "axiom.keybind.toggle_fast_place_cap": "切換快速放置",
    "axiom.keybind.toggle_infinite_reach_cap": "切換可觸及範圍",
    "axiom.contextmenu.type_replace": "類型替換",
    "axiom.editorui.window.palette.unknown_custom_block": "未知的自定義方塊",
    "axiom.editorui.window.clipboard.paste_hint": "%s 已粘貼到剪貼板",
    "axiom.editorui.window.tool_masks.mask_and": "與",
    "axiom.tool.selection.actions": "操作",
    "axiom.tool.painter.paint_mode.active_block": "操作方塊",
    "axiom.editorui.window.tool_masks.mask_adjacent": "相鄰",
    "axiom.tool.stamp.add_blueprint": "添加藍圖",
    "axiom.keybinds.adjust_radius": "調整工具半徑",
    "axiom.window.rotate_placement.algorithm": "算法",
    "axiom.window.autoshade.ambient_occlusion": "環境遮擋",
    "axiom.window.autoshade.ambient_occlusion_shading": "環境遮擋著色",
    "axiom.tool.heightmap.amount": "數量",
    "axiom.capability.angel_placement.title": "天使放置",
    "axiom.tool.noise_painter.anisotropic": "分別設置各軸規模",
    "axiom.tool.elevation.apply_mode": "應用",
    "axiom.tool.shape.archimedean_spiral": "哈基米德螺旋 ",
    "axiom.tool.shape.rotation.auto": "自動",
    "axiom.window.autoshade.palette_type.automatic": "自動的",
    "axiom.editorui.window.autoshade": "自動遮罩",
    "axiom.editorui.window.autoshade.do_autoshade": "自動遮罩",
    "axiom.keybind_builder_tools": "Axiom (建造工具)",
    "axiom.editorui.mainmenu.operations.autoshade": "自動遮罩…",
    "axiom.editorui.window.blueprint_browser.go_back": "返回",
    "axiom.tool.shape.pivot.base": "底部",
    "axiom.tool.stamp.base_chance": "基礎可能性",
    "axiom.tool.path.curve_bezier": "貝塞爾曲線",
    "axiom.tool.generic.brush_shape.bicone": "雙錐形",
    "axiom.editorui.window.tool_masks.mask_biome": "群系",
    "axiom.editorui.window.tool_masks.mask_block_offset": "方塊 (偏移)",
    "axiom.tool.ruler.display.block_count": "方塊數量",
    "axiom.tool.stamp.blueprints": "藍圖",
    "axiom.editorui.window.clipboard.warning_2": "如果旋轉剪貼板，原先的內容將會消失 (真的很久!)",
    "axiom.editorui.window.tool_masks.mask_can_see_sky": "可見天空",
    "axiom.tool.generic.brush_shape.capsule": "膠囊形",
    "axiom.tool.shape.shape_category": "類別",
    "axiom.tool.path.curve_catenary": "懸鏈線",
    "axiom.tool.path.deselect_point_n": "取消選擇點 %s",
    "axiom.mask.angle.angle_tooltip": "要檢查的期望角度。以度為單位，90 = 向上，0 = 水平，-90 = 向下",
    "axiom.tool.shape.diameter": "直徑",
    "axiom.tool.text.direction": "方向",
    "axiom.tool.shape.disk": "圓盤",
    "axiom.tool.ruler.display": "顯示",
    "axiom.tool.ruler.display.distance": "距離",
    "axiom.tool.shape.dodecahedron": "十二面體",
    "axiom.window.autoshade.dither": "抖動",
    "axiom.tool.stamp.extend_foundation_to_ground_tooltip": "將底層方塊向下複製，直到碰到一個實心方塊",
    "axiom.tool.path.easing_type_easein": "漸入",
    "axiom.tool.path.easing_type_easeinout": "漸入/漸出",
    "axiom.tool.path.easing_type_easeout": "漸出",
    "axiom.tool.elevation.dynamics": "動態",
    "axiom.tool.path.easing": "緩動",
    "axiom.tool.path.easing_type": "緩動類型",
    "axiom.tool.generic.brush_shape.ellipsoid": "橢球",
    "axiom.editorui.enter_key": "回車鍵",
    "axiom.editorui.escape_key": "Esc鍵",
    "axiom.tool.path.curve_catmull_rom": "Catmull-Rom樣條(曲線)",
    "axiom.tool.shape.pivot.center": "中心",
    "axiom.tool.gradient_painter.clamp_to_edge": "夾緊到邊緣",
    "axiom.tool.stamp.chance": "機會",
    "axiom.widget.clear": "清除",
    "axiom.editorui.window.world_properties.clear_weather": "清除",
    "axiom.editorui.window.history.clear": "清除",
    "axiom.tool.selection.clear_selection": "清除選取區 (%s)",
    "axiom.tool.painter.paint_mode.clipboard": "剪貼板",
    "axiom.generic.close": "關閉",
    "axiom.tool.painter.clipboard_empty_warning": "剪貼板為空",
    "axiom.editorui.mainmenu.operations.generate.colour_field": "色域",
    "axiom.tool.slope.shape_cone": "圓錐形",
    "axiom.tool.selection.confirm_selection": "確認 (%s個方塊)",
    "axiom.tool.selection.copy_selection": "複製 (%s)",
    "axiom.tool.elevation.apply_mode.continuous": "連續的",
    "axiom.tool.shape.cone": "圓錐形",
    "axiom.tool.shape.convex_hull": "凸包",
    "axiom.editorui.window.replace.copy_properties": "複製屬性",
    "axiom.tool.box_select.box_select.create_marker_region": "創建標記區域",
    "axiom.preset.create_new_preset": "創建新預設",
    "axiom.tool.path.easing_cubic": "三次方",
    "axiom.widget.ctrl_click_hint": "Ctrl+單擊 以設置值",
    "axiom.tool.path.curve_category": "曲線",
    "axiom.tool.elevation.custom_heightmap": "自定義高度圖",
    "axiom.tool.shape.cuboid": "長方體",
    "axiom.tool.generic.brush_shape.cuboid": "長方體",
    "axiom.window.autoshade.palette_type.custom": "自定義",
    "axiom.tool.selection.cut_selection": "剪下 (%s)",
    "axiom.tool.shape.cylinder": "圓柱形",
    "axiom.preset.default": "默認",
    "axiom.tool.stamp.place_deferred": "延遲",
    "axiom.preset.delete": "刪除 '%s'",
    "axiom.tool.lasso_select.depth": "深度",
    "axiom.tool.shape.supersphere.exponent": "指數",
    "axiom.tool.heightmap.falloff": "衰減向上扁平化",
    "axiom.tool.stamp.extend_foundation_to_ground": "將底部延伸到地面",
    "axiom.editorui.mainmenu.export_schematic": "導出概要...",
    "axiom.editorui.mainmenu.file": "文件",
    "axiom.tool.selection.fill_selection": "填充 (%s)",
    "axiom.editorui.window.filter_selection.filter": "篩選",
    "axiom.editorui.mainmenu.select.filter": "篩選...",
    "axiom.editorui.window.filter_selection": "篩選選擇",
    "axiom.tool.shape.shape_category.flat": "平坦",
    "axiom.tool.elevation.mode_flatten": "扁平化",
    "axiom.tool.elevation.flatten_down": "向下扁平化",
    "axiom.tool.elevation.mode_flatten_up": "向上扁平化",
    "axiom.tool.text.font": "字體",
    "axiom.window.autoshade.palette_full_cube": "完整立方體",
    "axiom.editorui.mainmenu.operations.generate": "生成",
    "axiom.tool.shape.gizmo_space": "Gizmo(操作器)",
    "axiom.tool.shape.gizmo_space.global": "全局",
    "axiom.window.autoshade.global_illumination": "全局光照",
    "axiom.tool.painter.paint_mode.gradient": "漸變",
    "axiom.tool.shape.height": "高度",
    "axiom.tool.generic.brush_height": "高度",
    "axiom.editorui.window.history.history_size": "歷史大小",
    "axiom.editorui.warning_confirmation": "我明白了，不再顯示此消息",
    "axiom.tool.shape.icosahedron": "二十面體",
    "axiom.tool.stamp.place_immediate": "立即",
    "axiom.editorui.mainmenu.file.import_schematic": "導入示意圖...",
    "axiom.tool.lasso_select.include_non_solid": "包括非固體",
    "axiom.tool.painter.inner_radius": "內半徑",
    "axiom.tool.box_select.input_mode": "輸入",
    "axiom.tool.path.inverted": "倒置",
    "axiom.tool.shape.rotation.keep": "保留",
    "axiom.tool.lasso_select": "套索選擇",
    "axiom.tool.path.curve_bresenham": "線（佈雷森納姆）",
    "axiom.tool.path.curve_dda": "線 (DDA)",
    "axiom.tool.path.easing_linear": "線性",
    "axiom.tool.elevation.load_heightmap": "加載高度圖",
    "axiom.tool.gradient_painter.locking": "鎖定",
    "axiom.tool.path.looped": "循環",
    "axiom.tool.shape.archimedean_spiral.loops": "循環數量",
    "axiom.tool.elevation.mode_lower": "降低",
    "axiom.tool.painter.merge_strokes": "合併筆畫",
    "axiom.tool.shape.metaball": "變形球",
    "axiom.tool.stamp.min_spacing": "最小間距",
    "axiom.tool.elevation.mode": "模式",
    "axiom.tool.painter.paint_mode": "模式",
    "axiom.tool.noise_painter.block_mode": "模式",
    "axiom.tool.shape.shape_category.modelling": "建模",
    "axiom.capability.no_clip.description": "飛行中穿過方塊",
    "axiom.preset.name": "名稱",
    "axiom.tool.shape.modifiers": "修改器",
    "axiom.window.rotate_placement.nearest_neighbor": "最近的相鄰(快)",
    "axiom.capability.no_clip.title": "穿過方塊",
    "axiom.window.autoshade.palette_no_glazed_terracotta": "無帶釉陶瓦(釉陶)",
    "axiom.window.autoshade.palette_no_ores": "無礦石",
    "axiom.window.autoshade.palette_no_tile_entities": "無方塊實體",
    "axiom.editorui.window.clipboard.warning_title": "非 90 度旋轉警告",
    "axiom.window.rotate_placement.lossy_rotation_warning": "非 90 度旋轉是有損的",
    "axiom.window.rotate_placement.lossy_scaling_warning": "非整數縮放是有損的",
    "axiom.keybind.nudge_with_scroll": "輕推（捲軸）",
    "axiom.tool.gradient_painter.lock_none": "無",
    "axiom.keybind.nudge_backwards": "向後推",
    "axiom.editorui.window.tool_masks.mask_offset": "偏移",
    "axiom.keybind.nudge_forwards": "向前推進",
    "axiom.editorui.window.tool_masks.mask_or": "或",
    "axiom.tool.stamp.offset": "偏移",
    "axiom.tool.shape.offset_when_placing": "放置時偏移",
    "axiom.tool.elevation.apply_mode.once": "一次",
    "axiom.editorui.window.blueprint_browser.open_folder": "打開文件夾",
    "axiom.window.autoshade.palette_opaque": "不透明",
    "axiom.widget.options": "選項",
    "axiom.tool.shape.torus.outer": "外部",
    "axiom.tool.path.override_block": "覆蓋方塊",
    "axiom.tool.path.override_radius": "覆蓋半徑",
    "axiom.tool.shape.paste_options": "貼上",
    "axiom.window.autoshade.palette_options": "色板選項",
    "axiom.tool.stamp.paste_options": "貼上",
    "axiom.editorui.window.world_properties.pause_weather": "暫停天氣",
    "axiom.tool.path": "路徑繪製工具",
    "axiom.tool.shape.pivot": "旋轉軸",
    "axiom.tool.stamp.place": "放置",
    "axiom.capability.angel_placement.description": "在空中放置方塊",
    "axiom.tool.shape.placement_options": "安置",
    "axiom.tool.slope.shape_plane": "平面",
    "axiom.tool.shape.plane": "平面",
    "axiom.tool.gradient_painter.lock_pos1": "位置 1",
    "axiom.tool.gradient_painter.lock_both": "位置 1 及 位置 2",
    "axiom.tool.box_select.input_mode.pos1_and_pos2": "位置 1 及 位置 2",
    "axiom.tool.box_select.input_mode.position_and_size": "位置及尺寸",
    "axiom.widget.presets": "預設",
    "axiom.tool.shape.pyramid": "金字塔",
    "axiom.tool.path.easing_quadratic": "二次",
    "axiom.tool.path.easing_quartic": "四分",
    "axiom.tool.path.radius": "半徑",
    "axiom.editorui.window.world_properties.rain_weather": "雨",
    "axiom.mask.near.radius": "半徑",
    "axiom.tool.elevation.mode_raise": "加高",
    "axiom.tool.elevation.raise_and_lower": "加高及降低",
    "axiom.tool.stamp.random_xz_flip": "隨機 X/Z 翻轉",
    "axiom.tool.stamp.random_yaw": "隨機偏離角",
    "axiom.tool.shape.metaball_range": "範圍",
    "axiom.mask.angle.range": "範圍",
    "axiom.tool.text.rasterization": "柵格化",
    "axiom.tool.heightmap.rate": "速度",
    "axiom.tool.path.remove": "移除",
    "axiom.tool.selection.replace_selection": "替換 (%s)",
    "axiom.tool.shape.regular_polygon": "正多邊形",
    "axiom.tool.shape.rotation.reset": "重置",
    "axiom.tool.shape.reset_rotation": "重置旋轉",
    "axiom.widget.block_list.right_click_to_edit_properties": "右擊編輯屬性",
    "axiom.tool.shape.torus.ring": "環",
    "axiom.window.rotate_placement.rotsprite": "RotSprite （高品質）",
    "axiom.window.rotate_placement.do_rotate": "旋轉",
    "axiom.window.rotate_placement.do_rotate_and_scale": "旋轉 / 縮放",
    "axiom.editorui.window.rotate_placement": "旋轉 / 縮放位置",
    "axiom.editorui.window.clipboard.placement_options.rotate_scale": "旋轉/縮放...",
    "axiom.editorui.window.clipboard.warning_1": "非 90 度角旋轉是一種有損操作",
    "axiom.preset.save": "保存",
    "axiom.tool.shape.rotation": "旋轉",
    "axiom.window.rotate_placement.rotation": "旋轉",
    "axiom.tool.shape.cone.rounding": "圓角",
    "axiom.window.rotate_placement.scale": "規模",
    "axiom.window.rotate_placement.do_scale": "規模",
    "axiom.window.autoshade.palette_same_texture": "相同紋理",
    "axiom.window.rotate_placement.scale2x": "两倍刻度（高品質）",
    "axiom.window.rotate_placement.scale3x": "三倍刻度（高品質）",
    "axiom.tool.ruler.select_center": "將所有點的中心添加到選取區",
    "axiom.buildertool.scroll_nudge": "滾動去輕推",
    "axiom.tool.text.select_font": "選擇字體",
    "axiom.tool.slope.shape": "形狀",
    "axiom.tool.shape.separate_xz": "個別設置 X、Z 軸",
    "axiom.tool.shape": "形狀",
    "axiom.editorui.mainmenu.window.show_close_window_button": "顯示關閉視窗按鈕",
    "axiom.tool.heightmap.smoothing": "平滑化",
    "axiom.tool.path.slack": "鬆弛",
    "axiom.tool.path.easing_slight": "輕度",
    "axiom.editorui.skip_update": "跳過",
    "axiom.tool.shape.regular_polygon.sides": "側面",
    "axiom.tool.shape.smart_surface": "智能表面",
    "axiom.editorui.mainmenu.operations.smoothsnow": "平滑化雪地",
    "axiom.tool.shape.shape_category.solid": "固體",
    "axiom.tool.painter.soft_edge": "軟邊",
    "axiom.window.autoshade.palette_solid": "固體",
    "axiom.editorui.speed": "速度",
    "axiom.tool.stamp": "印章",
    "axiom.window.autoshade.sun": "太陽",
    "axiom.window.autoshade.sun_pitch": "太陽俯仰角",
    "axiom.tool.shape.superellipse": "超級橢圓",
    "axiom.window.autoshade.sun_shading": "太陽遮陽",
    "axiom.window.autoshade.sun_yaw": "太陽偏離角",
    "axiom.editorui.window.tool_masks.mask_surface": "表面",
    "axiom.tool.generic.mask_surface_short": "表面",
    "axiom.tool.shape.supersphere": "超球",
    "axiom.editorui.teleport": "傳送...",
    "axiom.mask.angle.range_tooltip": "允許的角度範圍，越大表示允許的角度越多",
    "axiom.tool.shape.tube.thickness": "厚度",
    "axiom.tutorial.clipboard": "這是您的剪貼板。如果您有一個選區，可以使用 Ctrl+C 將圖塊複製到這裡。然後使用 Ctrl+V 開始放置",
    "axiom.editorui.window.world_properties.thunder_weather": "雷霆",
    "axiom.tool.shape.extrude_tip": "按 E 鍵擠出點",
    "axiom.keybind.toggle_angel_placement_cap": "切換天使安置",
    "axiom.keybind.toggle_no_clip_cap": "切換穿過方塊",
    "axiom.tool.shape.torus": "圓環",
    "axiom.tool.shape.triangle_fan": "三角風扇",
    "axiom.tool.shape.triangle_strip": "三角帶",
    "axiom.editorui.mainmenu.operations.type_replace": "類型替換...",
    "axiom.editorui.window.type_replace": "類型替換",
    "axiom.tool.path.curve_type": "類型",
    "axiom.tool.shape.tube": "管材",
    "axiom.window.autoshade.palette_type": "類型",
    "axiom.tool.text.use_builtin_font": "使用內建字體",
    "axiom.editorui.window.clipboard.unlock_rotation": "解鎖旋轉",
    "axiom.editorui.update": "更新",
    "axiom.editorui.window.world_properties.weather": "天氣",
    "axiom.tool.heightmap.y_limit": "Y 限制",
    "axiom.tool.path.width": "寬度",
    "axiom.tool.text.use_full_blocks": "使用全方塊",
    "axiom.tool.shape.smart_surface.visualize_mesh": "可視化網格",
    "axiom.tool.shape.width": "寬度",
    "axiom.window.autoshade.use_player_position": "使用玩家位置",
    "axiom.tool.shape.gizmo_space.local": "相對",
    "axiom.tool.shape.separate_hv": "水平和垂直分開",
    "axiom.contextmenu.flight_direction.camera": "相機",
    "axiom.contextmenu.create_display_entity": "創建展示實體",
    "axiom.contextmenu.flight_direction": "飛行方向",
    "axiom.buildertool.setup_symmetry.flip": "翻轉 %s",
    "axiom.buildertool.setup_symmetry.move_symmetry": "對稱移動",
    "axiom.contextmenu.flight_direction.horizontal": "水平",
    "axiom.buildertool.setup_symmetry.place_symmetry": "對稱放置",
    "axiom.tool.box_select.pos1": "位置 1",
    "axiom.tool.box_select.pos2": "位置 2",
    "axiom.buildertool.setup_symmetry.rotate": "旋轉 %s",
    "axiom.buildertool.setup_symmetry": "對稱設定",
    "axiom.contextmenu.show_display_entity_gizmos": "顯示 展示實體小工具",
    "axiom.contextmenu.show_key_hints": "顯示 關鍵提示",
    "axiom.contextmenu.show_marker_entity_gizmos": "顯示 標記實體小工具"
}
