{
	"display": {
		"icon": {
			"id": "minecraft:salmon_bucket"
		},
		"title": {"translate":"Aquarium"},
		"description": {"color":"#75E1FF","translate":"Catch all four types of fish and set them free in an aquarium"},
		"announce_to_chat": true,
		"frame": "goal"
	},
	"parent": "minecraft:husbandry/tactical_fishing",
	"rewards": {
		"function": "bc_rewards:animal/aquarium"
	},		
	"criteria": {
		"cod_bucket": {
			"trigger": "minecraft:placed_block",
			"conditions": {
				"location": [
					{
						"condition": "minecraft:match_tool",
						"predicate": {
							"items": [
								"minecraft:cod_bucket"
							]
						}
					}
				]
			}
		},
		"salmon_bucket": {
			"trigger": "minecraft:placed_block",
			"conditions": {
				"location": [
					{
						"condition": "minecraft:match_tool",
						"predicate": {
							"items": [
								"minecraft:salmon_bucket"
							]
						}
					}
				]
			}
		},
		"pufferfish_bucket": {
			"trigger": "minecraft:placed_block",
			"conditions": {
				"location": [
					{
						"condition": "minecraft:match_tool",
						"predicate": {
							"items": [
								"minecraft:pufferfish_bucket"
							]
						}
					}
				]
			}
		},
		"tropical_fish_bucket": {
			"trigger": "minecraft:placed_block",
			"conditions": {
				"location": [
					{
						"condition": "minecraft:match_tool",
						"predicate": {
							"items": [
								"minecraft:tropical_fish_bucket"
							]
						}
					}
				]
			}
		}		
	}
}