{
	"display": {
		"icon": {
			"id": "minecraft:white_banner",
			"components": {
				"minecraft:banner_patterns": [
					{
						"color": "cyan", 
						"pattern": "minecraft:rhombus"
					},
					{
						"color": "light_gray", 
						"pattern": "minecraft:stripe_bottom"
					},
					{
						"color": "gray", 
						"pattern": "minecraft:stripe_center"
					},
					{
						"color": "light_gray", 
						"pattern": "minecraft:border"
					},
					{
						"color": "black", 
						"pattern": "minecraft:stripe_middle"
					},
					{
						"color": "light_gray", 
						"pattern": "minecraft:half_horizontal"
					},
					{
						"color": "light_gray", 
						"pattern": "minecraft:circle"
					},
					{
						"color": "black", 
						"pattern": "minecraft:border"
					}
				]
			}
		},
		"title": {"translate":"Battle of the Bands"},
		"description": {"color":"#75E1FF","translate":"Blow into a Goat Horn during a raid"},
		"announce_to_chat": true,
		"frame": "goal"
	},
	"parent": "blazeandcave:animal/ram",
	"rewards": {
		"function": "bc_rewards:animal/battle_of_the_bands"
	},		
	"criteria": {
		"battle_of_the_bands": {
			"trigger": "minecraft:impossible"
		}
	}
}