{
	"display": {
		"icon": {
			"id": "minecraft:cooked_beef"
		},
		"title": {"translate":"High Steaks"},
		"description": {"color":"green","translate":"The steaks are high for this advancement!"},
		"announce_to_chat": true
	},
	"parent": "blazeandcave:animal/cow_tipper",
	"rewards": {
		"function": "bc_rewards:animal/high_steaks"
	},		
	"criteria": {
		"cooked_beef": {
			"trigger": "minecraft:consume_item",
			"conditions": {
				"item": {
					"items": [
						"minecraft:cooked_beef"
					]
				}
			}
		}
	}
}