{
	"display": {
		"icon": {
			"id": "minecraft:rabbit_foot"
		},
		"title": {"translate":"Lucky Charm"},
		"description": {"color":"green","translate":"Get a rabbit's foot"},
		"announce_to_chat": true
	},
	"parent": "blazeandcave:animal/theyre_breeding_like_rabbits",
	"rewards": {
		"function": "bc_rewards:animal/lucky_charm"
	},		
	"criteria": {
		"rabbit_foot": {
			"trigger": "minecraft:inventory_changed",
			"conditions": {
				"items": [
					{
						"items": [
							"minecraft:rabbit_foot"
						]
					}
				]
			}
		}
	}
}