{
	"display": {
		"icon": {
			"id": "minecraft:carrot"
		},
		"title": {"translate":"They're breeding like rabbits!"},
		"description": {"color":"green","translate":"Breed two bunnies together"},
		"announce_to_chat": true
	},
	"parent": "blazeandcave:animal/rabbit_season",
	"rewards": {
		"function": "bc_rewards:animal/theyre_breeding_like_rabbits"
	},		
	"criteria": {
		"rabbit": {
			"trigger": "minecraft:bred_animals",
			"conditions": {
				"parent": {
					"type": "minecraft:rabbit"
				},
				"partner": {
					"type": "minecraft:rabbit"
				}
			}
		}
	}
}