{
	"display": {
		"icon": {
			"id": "minecraft:fishing_rod",
			"components": {
				"minecraft:enchantment_glint_override": true
			}
		},
		"title": {"translate":"Totally not an AFK fisher!"},
		"description": {"color":"dark_purple","translate":"Fish out all types of items"},
		"announce_to_chat": true,
		"frame": "challenge"
	},
	"parent": "blazeandcave:animal/someones_been_here_before",
	"rewards": {
		"function": "bc_rewards:animal/totally_not_an_afk_fisher"
	},		
	"criteria": {
		"cod": {
			"trigger": "minecraft:fishing_rod_hooked",
			"conditions": {
				"item":
				{
					"items": [
						"minecraft:cod"
					]
				}
			}
		},
		"salmon": {
			"trigger": "minecraft:fishing_rod_hooked",
			"conditions": {
				"item":
				{
					"items": [
						"minecraft:salmon"
					]
				}
			}
		},
		"pufferfish": {
			"trigger": "minecraft:fishing_rod_hooked",
			"conditions": {
				"item":
				{
					"items": [
						"minecraft:pufferfish"
					]
				}
			}
		},
		"tropical_fish": {
			"trigger": "minecraft:fishing_rod_hooked",
			"conditions": {
				"item":
				{
					"items": [
						"minecraft:tropical_fish"
					]
				}
			}
		},		
		"bowl": {
			"trigger": "minecraft:fishing_rod_hooked",
			"conditions": {
				"item":
				{
					"items": [
						"minecraft:bowl"
					]
				}
			}
		},
		"leather": {
			"trigger": "minecraft:fishing_rod_hooked",
			"conditions": {
				"item":
				{
					"items": [
						"minecraft:leather"
					]
				}
			}
		},
		"leather_boots": {
			"trigger": "minecraft:fishing_rod_hooked",
			"conditions": {
				"item":
				{
					"items": [
						"minecraft:leather_boots"
					]
				}
			}
		},
		"rotten_flesh": {
			"trigger": "minecraft:fishing_rod_hooked",
			"conditions": {
				"item":
				{
					"items": [
						"minecraft:rotten_flesh"
					]
				}
			}
		},
		"stick": {
			"trigger": "minecraft:fishing_rod_hooked",
			"conditions": {
				"item":
				{
					"items": [
						"minecraft:stick"
					]
				}
			}
		},
		"string": {
			"trigger": "minecraft:fishing_rod_hooked",
			"conditions": {
				"item":
				{
					"items": [
						"minecraft:string"
					]
				}
			}
		},
		"potion": {
			"trigger": "minecraft:fishing_rod_hooked",
			"conditions": {
				"item":
				{
					"items": [
						"minecraft:potion"
					]
				}
			}
		},
		"bone": {
			"trigger": "minecraft:fishing_rod_hooked",
			"conditions": {
				"item":
				{
					"items": [
						"minecraft:bone"
					]
				}
			}
		},
		"ink_sac": {
			"trigger": "minecraft:fishing_rod_hooked",
			"conditions": {
				"item":
				{
					"items": [
						"minecraft:ink_sac"
					]
				}
			}
		},
		"tripwire_hook": {
			"trigger": "minecraft:fishing_rod_hooked",
			"conditions": {
				"item":
				{
					"items": [
						"minecraft:tripwire_hook"
					]
				}
			}
		},
		"bamboo": {
			"trigger": "minecraft:fishing_rod_hooked",
			"conditions": {
				"item":
				{
					"items": [
						"minecraft:bamboo"
					]
				}
			}
		},		
		"bow": {
			"trigger": "minecraft:fishing_rod_hooked",
			"conditions": {
				"item":
				{
					"items": [
						"minecraft:bow"
					]
				}
			}
		},
		"enchanted_book": {
			"trigger": "minecraft:fishing_rod_hooked",
			"conditions": {
				"item":
				{
					"items": [
						"minecraft:enchanted_book"
					]
				}
			}
		},
		"name_tag": {
			"trigger": "minecraft:fishing_rod_hooked",
			"conditions": {
				"item":
				{
					"items": [
						"minecraft:name_tag"
					]
				}
			}
		},
		"nautilus_shell": {
			"trigger": "minecraft:fishing_rod_hooked",
			"conditions": {
				"item":
				{
					"items": [
						"minecraft:nautilus_shell"
					]
				}
			}
		},
		"saddle": {
			"trigger": "minecraft:fishing_rod_hooked",
			"conditions": {
				"item":
				{
					"items": [
						"minecraft:saddle"
					]
				}
			}
		},
		"lily_pad": {
			"trigger": "minecraft:fishing_rod_hooked",
			"conditions": {
				"item":
				{
					"items": [
						"minecraft:lily_pad"
					]
				}
			}
		},
		"fishing_rod": {
			"trigger": "minecraft:fishing_rod_hooked",
			"conditions": {
				"item":
				{
					"items": [
						"minecraft:fishing_rod"
					]
				}
			}
		}			
	}
}