{
	"display": {
		"icon": {
			"id": "minecraft:honey_bottle"
		},
		"title": {"translate":"Winnie the Pooh"},
		"description": {"color":"green","translate":"Drink some honey"},
		"announce_to_chat": true
	},
	"parent": "minecraft:husbandry/safely_harvest_honey",
	"rewards": {
		"function": "bc_rewards:animal/winnie_the_pooh"
	},		
	"criteria": {
		"honey_bottle": {
			"trigger": "minecraft:consume_item",
			"conditions": {
				"item": {
					"items": [
						"minecraft:honey_bottle"
					]
				}
			}
		}
	}
}