{
	"display": {
		"icon": {
			"id": "minecraft:gold_block"
		},
		"title": {"translate":"Awards Ceremony"},
		"description": {"color":"light_purple","translate":"Have an Allay present to you a trophy awarded from completing one of the advancements"},
		"announce_to_chat": true,
		"frame": "challenge",
		"hidden": true
	},
	"parent": "minecraft:husbandry/allay_deliver_cake_to_note_block",
	"rewards": {
		"function": "bc_rewards:adventure/awards_ceremony"
	},		
	"criteria": {
		"spruce_sapling": {
			"trigger": "minecraft:thrown_item_picked_up_by_player",
			"conditions": {
				"entity": [
					{
						"condition": "minecraft:entity_properties",
						"entity": "this",
						"predicate": {
							"type": "minecraft:allay"
						}
					}
				],
				"item": {
					"custom_data": {
						"Trophy": 1
					}
				}
			}
		}
	}
}