{
	"display": {
		"icon": {
			"id": "minecraft:breeze_rod"
		},
		"title": {"translate":"Break Wind"},
		"description": {"color":"green","translate":"Defeat a Breeze in the Trial Chambers"},
		"announce_to_chat": true
	},
	"parent": "blazeandcave:adventure/this_will_be_a_breeze",
	"rewards": {
		"function": "bc_rewards:adventure/break_wind"
	},		
	"criteria": {
		"breeze": {
			"trigger": "minecraft:player_killed_entity",
			"conditions": {
				"entity": {
					"type": "breeze"
				}
			}
		}
	}
}