{
	"display": {
		"icon": {
			"id": "minecraft:emerald_block"
		},
		"title": {"translate":"Filthy Stinkin' Rich"},
		"description": {"color":"dark_purple","translate":"Make 64 emerald blocks"},
		"announce_to_chat": true,
		"frame": "challenge"
	},
	"parent": "blazeandcave:adventure/filthy_rich",	
	"rewards": {
		"function": "bc_rewards:adventure/filthy_stinkin_rich"
	},		
	"criteria": {
		"emerald_blocks": {
			"trigger": "minecraft:inventory_changed",
			"conditions": {
				"items": [
					{
						"items": [
							"minecraft:emerald_block"
						],
						"count": {
							"min": 64
						}
					}
				]
			}
		}
	}
}