{
	"display": {
		"icon": {
			"id": "minecraft:dark_oak_door"
		},
		"title": {"translate":"House of Psychos"},
		"description": {"color":"green","translate":"Find a Woodland Mansion"},
		"announce_to_chat": true
	},
	"parent": "blazeandcave:adventure/treasure_map",
	"rewards": {
		"function": "bc_rewards:adventure/house_of_psychos"
	},		
	"criteria": {
		"mansion": {
			"trigger": "minecraft:location",
			"conditions": {
				"player": [
					{
						"condition": "minecraft:entity_properties",
						"entity": "this",
						"predicate": {
							"location": {
								"structures": "mansion"
							}
						}
					},
					{
						"condition": "minecraft:inverted",
						"term": {
							"condition": "minecraft:entity_properties",
							"entity": "this",
							"predicate": {
								"type_specific": {
									"type": "player",
									"gamemode": ["spectator"]
								}
							}
						}
					}
				]
			}
		}
	}
}