{
	"display": {
		"icon": {
			"id": "minecraft:player_head",
			"components": {"profile":{"id":[-350135654,1482441980,-1270006103,864641199],"properties":[{"name":"textures","value":"eyJ0ZXh0dXJlcyI6eyJTS0lOIjp7InVybCI6Imh0dHA6Ly90ZXh0dXJlcy5taW5lY3JhZnQubmV0L3RleHR1cmUvOGM5MDdhN2Y0ZjBjM2E2YzljOWI3OTM0OGY3YmYxOTkzNjk1YjZkMmVhZTJmYWI3MDRhMWE0ZDliODI4OGNiZSJ9fX0="}]}}
		},
		"title": {"translate":"Nerds Never Die"},
		"description": {"color":"#75E1FF","translate":"Name a Piglin Brute 'Technoblade'"},
		"announce_to_chat": true,
		"frame": "goal"
	},
	"parent": "blazeandcave:adventure/the_one_and_true_johnny",
	"rewards": {
		"function": "bc_rewards:adventure/nerds_never_die"
	},		
	"criteria": {
		"technoblade": {
			"trigger": "minecraft:impossible",
			"conditions": {
				"item": {
					"items": [
						"minecraft:name_tag"
					],
					"nbt": "{display:{Name:\'\"Technoblade\"\'}}"
				},
				"entity": [
					{
						"condition": "minecraft:entity_properties",
						"predicate": {
							"type": "minecraft:piglin_brute"
						},
						"entity": "this"
					}
				]
			}
		},
		"technoblade_old": {
			"trigger": "minecraft:impossible",
			"conditions": {
				"item": {
					"items": [
						"minecraft:name_tag"
					],
					"nbt": "{display:{Name:\"{\\\"text\\\":\\\"Technoblade\\\"}\"}}"
				},
				"entity": [
					{
						"condition": "minecraft:entity_properties",
						"predicate": {
							"type": "minecraft:piglin_brute"
						},
						"entity": "this"
					}
				]
			}
		}
	},
	"requirements": [
		[
			"technoblade",
			"technoblade_old"
		]
	]
}