{
	"display": {
		"icon": {
			"id": "minecraft:acacia_log"
		},
		"title": {"translate":"Traveller"},
		"description": {"color":"#75E1FF","translate":"Travel to every type of village and trade with a villager in each"},
		"announce_to_chat": true,
		"frame": "goal"
	},
	"parent": "minecraft:adventure/trade",
	"rewards": {
		"function": "bc_rewards:adventure/traveller"
	},		
	"criteria": {
		"plains": {
			"trigger": "minecraft:villager_trade",
			"conditions": {
				"villager": {
					"nbt": "{VillagerData:{type:\"minecraft:plains\"}}"
				}
			}
		},
		"desert": {
			"trigger": "minecraft:villager_trade",
			"conditions": {
				"villager": {
					"nbt": "{VillagerData:{type:\"minecraft:desert\"}}"
				}
			}
		},
		"savanna": {
			"trigger": "minecraft:villager_trade",
			"conditions": {
				"villager": {
					"nbt": "{VillagerData:{type:\"minecraft:savanna\"}}"
				}
			}
		},
		"taiga": {
			"trigger": "minecraft:villager_trade",
			"conditions": {
				"villager": {
					"nbt": "{VillagerData:{type:\"minecraft:taiga\"}}"
				}
			}
		},
		"snow": {
			"trigger": "minecraft:villager_trade",
			"conditions": {
				"villager": {
					"nbt": "{VillagerData:{type:\"minecraft:snow\"}}"
				}
			}
		}		
	}
}