{
	"display": {
		"icon": {
			"id": "minecraft:bell"
		},
		"title": {"translate":"Village Settler"},
		"description": {"color":"green","translate":"Trade for a new bell to establish a new village"},
		"announce_to_chat": true
	},
	"parent": "blazeandcave:adventure/traveller",
	"rewards": {
		"function": "bc_rewards:adventure/village_settler"
	},		
	"criteria": {
		"trade": {
			"trigger": "minecraft:villager_trade",
			"conditions": {
				"item": {
					"items": [
						"minecraft:bell"
					]
				}
			}
		}
	}
}