{
	"display": {
		"icon": {
			"id": "minecraft:ominous_bottle"
		},
		"title": {"translate":"War is Coming"},
		"description": {"color":"dark_purple","translate":"Start a Raid with the highest level of Bad Omen"},
		"announce_to_chat": true,
		"frame": "challenge"
	},
	"parent": "blazeandcave:adventure/buy_low_sell_high",
	"rewards": {
		"function": "bc_rewards:adventure/war_is_coming"
	},		
	"criteria": {
		"bad_omen": {
			"trigger": "minecraft:effects_changed",
			"conditions": {
				"effects": {
					"minecraft:raid_omen": {
						"amplifier": {
							"min": 4
						}
					}
				}
			}
		}
	}
}