{
	"display": {
		"icon": {
			"id": "minecraft:rabbit"
		},
		"title": {"translate":"Delicious, Hot Schmoes!"},
		"description": {"color":"#75E1FF","translate":"Place every type of cookable food on a campfire"},
		"announce_to_chat": true,
		"frame": "goal"
	},
	"parent": "blazeandcave:building/camping_out",
	"rewards": {
		"function": "bc_rewards:building/delicious_hot_schmoes"
	},		
	"criteria": {
		"porkchop": {
			"trigger": "minecraft:item_used_on_block",
			"conditions": {
				"location": [
					{
						"condition": "minecraft:location_check",
						"predicate": {
							"block": {
								"blocks": "#minecraft:campfires"
							}
						}
					},
					{
						"condition": "minecraft:match_tool",
						"predicate": {
							"items": [
								"minecraft:porkchop"
							]
						}
					}
				]
			}
		},
		"beef": {
			"trigger": "minecraft:item_used_on_block",
			"conditions": {
				"location": [
					{
						"condition": "minecraft:location_check",
						"predicate": {
							"block": {
								"blocks": "#minecraft:campfires"
							}
						}
					},
					{
						"condition": "minecraft:match_tool",
						"predicate": {
							"items": [
								"minecraft:beef"
							]
						}
					}
				]
			}
		},
		"chicken": {
			"trigger": "minecraft:item_used_on_block",
			"conditions": {
				"location": [
					{
						"condition": "minecraft:location_check",
						"predicate": {
							"block": {
								"blocks": "#minecraft:campfires"
							}
						}
					},
					{
						"condition": "minecraft:match_tool",
						"predicate": {
							"items": [
								"minecraft:chicken"
							]
						}
					}
				]
			}
		},
		"cod": {
			"trigger": "minecraft:item_used_on_block",
			"conditions": {
				"location": [
					{
						"condition": "minecraft:location_check",
						"predicate": {
							"block": {
								"blocks": "#minecraft:campfires"
							}
						}
					},
					{
						"condition": "minecraft:match_tool",
						"predicate": {
							"items": [
								"minecraft:cod"
							]
						}
					}
				]
			}
		},
		"salmon": {
			"trigger": "minecraft:item_used_on_block",
			"conditions": {
				"location": [
					{
						"condition": "minecraft:location_check",
						"predicate": {
							"block": {
								"blocks": "#minecraft:campfires"
							}
						}
					},
					{
						"condition": "minecraft:match_tool",
						"predicate": {
							"items": [
								"minecraft:salmon"
							]
						}
					}
				]
			}
		},
		"potato": {
			"trigger": "minecraft:item_used_on_block",
			"conditions": {
				"location": [
					{
						"condition": "minecraft:location_check",
						"predicate": {
							"block": {
								"blocks": "#minecraft:campfires"
							}
						}
					},
					{
						"condition": "minecraft:match_tool",
						"predicate": {
							"items": [
								"minecraft:potato"
							]
						}
					}
				]
			}
		},
		"mutton": {
			"trigger": "minecraft:item_used_on_block",
			"conditions": {
				"location": [
					{
						"condition": "minecraft:location_check",
						"predicate": {
							"block": {
								"blocks": "#minecraft:campfires"
							}
						}
					},
					{
						"condition": "minecraft:match_tool",
						"predicate": {
							"items": [
								"minecraft:mutton"
							]
						}
					}
				]
			}
		},
		"rabbit": {
			"trigger": "minecraft:item_used_on_block",
			"conditions": {
				"location": [
					{
						"condition": "minecraft:location_check",
						"predicate": {
							"block": {
								"blocks": "#minecraft:campfires"
							}
						}
					},
					{
						"condition": "minecraft:match_tool",
						"predicate": {
							"items": [
								"minecraft:rabbit"
							]
						}
					}
				]
			}
		},
		"kelp": {
			"trigger": "minecraft:item_used_on_block",
			"conditions": {
				"location": [
					{
						"condition": "minecraft:location_check",
						"predicate": {
							"block": {
								"blocks": "#minecraft:campfires"
							}
						}
					},
					{
						"condition": "minecraft:match_tool",
						"predicate": {
							"items": [
								"minecraft:kelp"
							]
						}
					}
				]
			}
		}
	}	
}