{
	"display": {
		"icon": {
			"id": "minecraft:prismarine_bricks"
		},
		"title": {"translate":"Fake monument"},
		"description": {"color":"green","translate":"Craft or collect all forms of prismarine blocks"},
		"announce_to_chat": true
	},
	"parent": "blazeandcave:building/greek_art_decor",
	"rewards": {
		"function": "bc_rewards:building/fake_monument"
	},		
	"criteria": {
		"prismarine": {
			"trigger": "minecraft:inventory_changed",
			"conditions": {
				"items": [
					{
						"items": [
							"minecraft:prismarine"
						]
					}
				]
			}
		},
		"prismarine_bricks": {
			"trigger": "minecraft:inventory_changed",
			"conditions": {
				"items": [
					{
						"items": [
							"minecraft:prismarine_bricks"
						]
					}
				]
			}
		},
		"dark_prismarine": {
			"trigger": "minecraft:inventory_changed",
			"conditions": {
				"items": [
					{
						"items": [
							"minecraft:dark_prismarine"
						]
					}
				]
			}
		},
		"prismarine_slab": {
			"trigger": "minecraft:inventory_changed",
			"conditions": {
				"items": [
					{
						"items": [
							"minecraft:prismarine_slab"
						]
					}
				]
			}
		},
		"prismarine_brick_slab": {
			"trigger": "minecraft:inventory_changed",
			"conditions": {
				"items": [
					{
						"items": [
							"minecraft:prismarine_brick_slab"
						]
					}
				]
			}
		},
		"dark_prismarine_slab": {
			"trigger": "minecraft:inventory_changed",
			"conditions": {
				"items": [
					{
						"items": [
							"minecraft:dark_prismarine_slab"
						]
					}
				]
			}
		},
		"prismarine_stairs": {
			"trigger": "minecraft:inventory_changed",
			"conditions": {
				"items": [
					{
						"items": [
							"minecraft:prismarine_stairs"
						]
					}
				]
			}
		},
		"prismarine_brick_stairs": {
			"trigger": "minecraft:inventory_changed",
			"conditions": {
				"items": [
					{
						"items": [
							"minecraft:prismarine_brick_stairs"
						]
					}
				]
			}
		},
		"dark_prismarine_stairs": {
			"trigger": "minecraft:inventory_changed",
			"conditions": {
				"items": [
					{
						"items": [
							"minecraft:dark_prismarine_stairs"
						]
					}
				]
			}
		},
		"prismarine_wall": {
			"trigger": "minecraft:inventory_changed",
			"conditions": {
				"items": [
					{
						"items": [
							"minecraft:prismarine_wall"
						]
					}
				]
			}
		}
	}		
}