{
	"display": {
		"icon": {
			"id": "minecraft:dark_oak_sapling"
		},
		"title": {"translate":"Professor Dark Oak"},
		"description": {"color":"#75E1FF","translate":"Craft every item made out of dark oak wood"},
		"announce_to_chat": true,
		"frame": "goal"
	},
	"parent": "blazeandcave:building/the_acacia_king",
	"rewards": {
		"function": "bc_rewards:building/professor_dark_oak"
	},		
	"criteria": {
		"dark_oak_planks": {
			"trigger": "minecraft:inventory_changed",
			"conditions": {
				"items": [
					{
						"items": [
							"minecraft:dark_oak_planks"
						]
					}
				]
			}
		},
		"dark_oak_log": {
			"trigger": "minecraft:inventory_changed",
			"conditions": {
				"items": [
					{
						"items": [
							"minecraft:dark_oak_log"
						]
					}
				]
			}
		},
		"dark_oak_wood": {
			"trigger": "minecraft:inventory_changed",
			"conditions": {
				"items": [
					{
						"items": [
							"minecraft:dark_oak_wood"
						]
					}
				]
			}
		},
		"stripped_dark_oak_log": {
			"trigger": "minecraft:inventory_changed",
			"conditions": {
				"items": [
					{
						"items": [
							"minecraft:stripped_dark_oak_log"
						]
					}
				]
			}
		},
		"stripped_dark_oak_wood": {
			"trigger": "minecraft:inventory_changed",
			"conditions": {
				"items": [
					{
						"items": [
							"minecraft:stripped_dark_oak_wood"
						]
					}
				]
			}
		},
		"dark_oak_slab": {
			"trigger": "minecraft:inventory_changed",
			"conditions": {
				"items": [
					{
						"items": [
							"minecraft:dark_oak_slab"
						]
					}
				]
			}
		},
		"dark_oak_pressure_plate": {
			"trigger": "minecraft:inventory_changed",
			"conditions": {
				"items": [
					{
						"items": [
							"minecraft:dark_oak_pressure_plate"
						]
					}
				]
			}
		},
		"dark_oak_fence": {
			"trigger": "minecraft:inventory_changed",
			"conditions": {
				"items": [
					{
						"items": [
							"minecraft:dark_oak_fence"
						]
					}
				]
			}
		},
		"dark_oak_trapdoor": {
			"trigger": "minecraft:inventory_changed",
			"conditions": {
				"items": [
					{
						"items": [
							"minecraft:dark_oak_trapdoor"
						]
					}
				]
			}
		},
		"dark_oak_fence_gate": {
			"trigger": "minecraft:inventory_changed",
			"conditions": {
				"items": [
					{
						"items": [
							"minecraft:dark_oak_fence_gate"
						]
					}
				]
			}
		},
		"dark_oak_stairs": {
			"trigger": "minecraft:inventory_changed",
			"conditions": {
				"items": [
					{
						"items": [
							"minecraft:dark_oak_stairs"
						]
					}
				]
			}
		},
		"dark_oak_button": {
			"trigger": "minecraft:inventory_changed",
			"conditions": {
				"items": [
					{
						"items": [
							"minecraft:dark_oak_button"
						]
					}
				]
			}
		},
		"dark_oak_door": {
			"trigger": "minecraft:inventory_changed",
			"conditions": {
				"items": [
					{
						"items": [
							"minecraft:dark_oak_door"
						]
					}
				]
			}
		},
		"dark_oak_boat": {
			"trigger": "minecraft:inventory_changed",
			"conditions": {
				"items": [
					{
						"items": [
							"minecraft:dark_oak_boat"
						]
					}
				]
			}
		},
		"dark_oak_chest_boat": {
			"trigger": "minecraft:inventory_changed",
			"conditions": {
				"items": [
					{
						"items": [
							"minecraft:dark_oak_chest_boat"
						]
					}
				]
			}
		},
		"dark_oak_sign": {
			"trigger": "minecraft:inventory_changed",
			"conditions": {
				"items": [
					{
						"items": [
							"minecraft:dark_oak_sign"
						]
					}
				]
			}
		},
		"dark_oak_hanging_sign": {
			"trigger": "minecraft:inventory_changed",
			"conditions": {
				"items": [
					{
						"items": [
							"minecraft:dark_oak_hanging_sign"
						]
					}
				]
			}
		}
	}
}