{
	"display": {
		"icon": {
			"id": "minecraft:shroomlight"
		},
		"title": {"translate":"Shroom Lightyear"},
		"description": {"color":"green","translate":"Light up the area with Shroomlight!"},
		"announce_to_chat": true
	},
	"parent": "blazeandcave:building/glowing",
	"rewards": {
		"function": "bc_rewards:building/shroom_lightyear"
	},		
	"criteria": {
		"shroomlight": {
			"trigger": "minecraft:placed_block",
			"conditions": {
				"location": [
					{
						"condition": "minecraft:location_check",
						"predicate": {
							"block": {
								"blocks": [
									"minecraft:shroomlight"
								]
							}
						}
					}
				]
			}
		}
	}
}