{
	"display": {
		"icon": {
			"id": "minecraft:magenta_glazed_terracotta"
		},
		"title": {"translate":"The Glazed Terracotta Army"},
		"description": {"color":"#75E1FF","translate":"Craft all 16 colors of glazed terracotta"},
		"announce_to_chat": true,
		"frame": "goal"
	},
	"parent": "blazeandcave:building/the_terracotta_army",
	"rewards": {
		"function": "bc_rewards:building/the_glazed_terracotta_army"
	},		
	"criteria": {
		"white_glazed_terracotta": {
			"trigger": "minecraft:inventory_changed",
			"conditions": {
				"items": [
					{
						"items": [
							"minecraft:white_glazed_terracotta"
						]
					}
				]
			}
		},
		"orange_glazed_terracotta": {
			"trigger": "minecraft:inventory_changed",
			"conditions": {
				"items": [
					{
						"items": [
							"minecraft:orange_glazed_terracotta"
						]
					}
				]
			}
		},
		"magenta_glazed_terracotta": {
			"trigger": "minecraft:inventory_changed",
			"conditions": {
				"items": [
					{
						"items": [
							"minecraft:magenta_glazed_terracotta"
						]
					}
				]
			}
		},
		"light_blue_glazed_terracotta": {
			"trigger": "minecraft:inventory_changed",
			"conditions": {
				"items": [
					{
						"items": [
							"minecraft:light_blue_glazed_terracotta"
						]
					}
				]
			}
		},
		"yellow_glazed_terracotta": {
			"trigger": "minecraft:inventory_changed",
			"conditions": {
				"items": [
					{
						"items": [
							"minecraft:yellow_glazed_terracotta"
						]
					}
				]
			}
		},
		"lime_glazed_terracotta": {
			"trigger": "minecraft:inventory_changed",
			"conditions": {
				"items": [
					{
						"items": [
							"minecraft:lime_glazed_terracotta"
						]
					}
				]
			}
		},
		"pink_glazed_terracotta": {
			"trigger": "minecraft:inventory_changed",
			"conditions": {
				"items": [
					{
						"items": [
							"minecraft:pink_glazed_terracotta"
						]
					}
				]
			}
		},
		"gray_glazed_terracotta": {
			"trigger": "minecraft:inventory_changed",
			"conditions": {
				"items": [
					{
						"items": [
							"minecraft:gray_glazed_terracotta"
						]
					}
				]
			}
		},
		"light_gray_glazed_terracotta": {
			"trigger": "minecraft:inventory_changed",
			"conditions": {
				"items": [
					{
						"items": [
							"minecraft:light_gray_glazed_terracotta"
						]
					}
				]
			}
		},
		"cyan_glazed_terracotta": {
			"trigger": "minecraft:inventory_changed",
			"conditions": {
				"items": [
					{
						"items": [
							"minecraft:cyan_glazed_terracotta"
						]
					}
				]
			}
		},
		"purple_glazed_terracotta": {
			"trigger": "minecraft:inventory_changed",
			"conditions": {
				"items": [
					{
						"items": [
							"minecraft:purple_glazed_terracotta"
						]
					}
				]
			}
		},
		"blue_glazed_terracotta": {
			"trigger": "minecraft:inventory_changed",
			"conditions": {
				"items": [
					{
						"items": [
							"minecraft:blue_glazed_terracotta"
						]
					}
				]
			}
		},
		"brown_glazed_terracotta": {
			"trigger": "minecraft:inventory_changed",
			"conditions": {
				"items": [
					{
						"items": [
							"minecraft:brown_glazed_terracotta"
						]
					}
				]
			}
		},
		"green_glazed_terracotta": {
			"trigger": "minecraft:inventory_changed",
			"conditions": {
				"items": [
					{
						"items": [
							"minecraft:green_glazed_terracotta"
						]
					}
				]
			}
		},
		"red_glazed_terracotta": {
			"trigger": "minecraft:inventory_changed",
			"conditions": {
				"items": [
					{
						"items": [
							"minecraft:red_glazed_terracotta"
						]
					}
				]
			}
		},
		"black_glazed_terracotta": {
			"trigger": "minecraft:inventory_changed",
			"conditions": {
				"items": [
					{
						"items": [
							"minecraft:black_glazed_terracotta"
						]
					}
				]
			}
		}
	}
}