{
	"display": {
		"icon": {
			"id": "minecraft:golden_pickaxe"
		},
		"title": {"translate":"Fortunate Son"},
		"description": {"color":"#75E1FF","translate":"Obtain Fortune III"},
		"announce_to_chat": true,
		"frame": "goal"
	},
	"parent": "blazeandcave:enchanting/super_efficient",
	"rewards": {
		"function": "bc_rewards:enchanting/fortunate_son"
	},			
	"criteria": {
		"fortune": {
			"trigger": "minecraft:inventory_changed",
			"conditions": {
				"items": [
					{
						"predicates": {
							"enchantments": [
								{
									"enchantments": "minecraft:fortune",
									"levels": {
										"min": 3
									}
								}
							]
						}
					}
				]
			}
		},
		"fortune_book": {
			"trigger": "minecraft:inventory_changed",
			"conditions": {
				"items": [
					{
						"predicates": {
							"stored_enchantments": [
								{
									"enchantments": "minecraft:fortune",
									"levels": {
										"min": 3
									}
								}
							]
						}
					}
				]
			}
		}
	},	
	"requirements": [
		[
			"fortune",
			"fortune_book"
		]
	]
}